,Date,GOOGL
0,2010-01-04,313.6886901855469
1,2010-01-05,312.9980010986328
2,2010-01-06,310.1434834798177
3,2010-01-07,306.94445037841797
4,2010-01-08,305.817822265625
5,2010-01-11,304.99082946777344
6,2010-01-12,303.6400713239397
7,2010-01-13,302.4149169921875
8,2010-01-14,301.6155056423611
9,2010-01-15,300.4829833984375
10,2010-01-19,299.9030844948509
11,2010-01-20,299.1191177368164
12,2010-01-21,298.5547062800481
13,2010-01-22,296.89224679129467
14,2010-01-25,295.11744791666666
15,2010-01-26,293.6401996612549
16,2010-01-27,292.3273243623621
17,2010-01-28,290.9431627061632
18,2010-01-29,289.5901135896382
19,2010-02-01,288.449446105957
20,2010-02-02,287.37213134765625
21,2010-02-03,286.6134296764027
22,2010-02-04,285.6151786472486
23,2010-02-05,284.79416783650714
24,2010-02-08,284.0824816894531
25,2010-02-09,283.4827129657452
26,2010-02-10,282.89048258463544
27,2010-02-11,282.3754108973912
28,2010-02-12,281.83925234038253
29,2010-02-16,281.4753082275391
30,2010-02-17,281.084955030872
31,2010-02-18,280.79735946655273
32,2010-02-19,280.4898838852391
33,2010-02-22,280.23052439970127
34,2010-02-23,279.8754464285714
35,2010-02-24,279.49004533555774
36,2010-02-25,279.05730046452703
37,2010-02-26,278.6522048147101
38,2010-03-01,278.34347142928686
39,2010-03-02,278.15490493774416
40,2010-03-03,278.0275395090987
41,2010-03-04,278.0167069208054
42,2010-03-05,278.11835071652433
43,2010-03-08,278.1956953568892
44,2010-03-09,278.24413248697914
45,2010-03-10,278.46738002611244
46,2010-03-11,278.73107130984044
47,2010-03-12,278.9670918782552
48,2010-03-15,279.02637279276945
49,2010-03-16,279.1035028076172
50,2010-03-17,279.1811409744562
51,2010-03-18,279.26387845552887
52,2010-03-19,279.28305571933964
53,2010-03-22,279.27835139521846
54,2010-03-23,279.19646828391336
55,2010-03-24,279.19195883614674
56,2010-03-25,279.23634043911045
57,2010-03-26,279.2775521113955
58,2010-03-29,279.3153308933064
59,2010-03-30,279.38738606770835
60,2010-03-31,279.46044271500386
61,2010-04-01,279.5447048064201
62,2010-04-05,279.6438492063492
63,2010-04-06,279.7180767059326
64,2010-04-07,279.75398418719953
65,2010-04-08,279.81875749067825
66,2010-04-09,279.87211039528916
67,2010-04-12,279.97180938720703
68,2010-04-13,280.170459692029
69,2010-04-14,280.37937883649556
70,2010-04-15,280.6268233178367
71,2010-04-16,280.5535388522678
72,2010-04-19,280.48191938008347
73,2010-04-20,280.44564736855995
74,2010-04-21,280.4054044596354
75,2010-04-22,280.3185412758275
76,2010-04-23,280.22047919731637
77,2010-04-26,280.03926908052887
78,2010-04-27,279.84630111501184
79,2010-04-28,279.65897064208986
80,2010-04-29,279.4936286078559
81,2010-04-30,279.29386604123
82,2010-05-03,279.12846466432137
83,2010-05-04,278.8226311093285
84,2010-05-05,278.5439546472886
85,2010-05-06,278.2072177265966
86,2010-05-07,277.84640853706446
87,2010-05-10,277.6559503728693
88,2010-05-11,277.39891480863764
89,2010-05-12,277.12723744710286
90,2010-05-13,276.8917259803185
91,2010-05-14,276.64310952891475
92,2010-05-17,276.40220773348244
93,2010-05-18,276.11531651273685
94,2010-05-19,275.81370753238076
95,2010-05-20,275.41713492075604
96,2010-05-21,275.0134661173083
97,2010-05-24,274.6441329644651
98,2010-05-25,274.28180609809027
99,2010-05-26,273.9187178039551
100,2010-05-27,273.23658569335936
101,2010-05-28,272.54409317016604
102,2010-06-01,271.91401290893555
103,2010-06-02,271.4098587036133
104,2010-06-03,270.92727615356443
105,2010-06-04,270.41481353759764
106,2010-06-07,269.88948837280276
107,2010-06-08,269.37742630004885
108,2010-06-09,268.79769668579104
109,2010-06-10,268.33228134155274
110,2010-06-11,267.83618530273435
111,2010-06-14,267.3495988464355
112,2010-06-15,266.9242236328125
113,2010-06-16,266.6802796936035
114,2010-06-17,266.480479888916
115,2010-06-18,266.26831771850584
116,2010-06-21,266.00034973144534
117,2010-06-22,265.7599092102051
118,2010-06-23,265.5202195739746
119,2010-06-24,265.23032974243165
120,2010-06-25,264.9378372192383
121,2010-06-28,264.59379302978516
122,2010-06-29,264.230830078125
123,2010-06-30,263.7986978149414
124,2010-07-01,263.328327331543
125,2010-07-02,262.8283773803711
126,2010-07-06,262.335984954834
127,2010-07-07,261.90455352783204
128,2010-07-08,261.5213705444336
129,2010-07-09,261.15195098876956
130,2010-07-12,260.8397389221191
131,2010-07-13,260.5693684387207
132,2010-07-14,260.32202087402345
133,2010-07-15,260.0778768920898
134,2010-07-16,259.7001992797852
135,2010-07-19,259.3734223937988
136,2010-07-20,259.1489979553223
137,2010-07-21,258.9022511291504
138,2010-07-22,258.66261154174805
139,2010-07-23,258.4073561096191
140,2010-07-26,258.1253242492676
141,2010-07-27,257.81521408081056
142,2010-07-28,257.4155143737793
143,2010-07-29,257.02767654418943
144,2010-07-30,256.6505995178223
145,2010-08-02,256.2199688720703
146,2010-08-03,255.76296173095704
147,2010-08-04,255.39649520874025
148,2010-08-05,255.12081970214842
149,2010-08-06,254.79559463500976
150,2010-08-09,254.49424346923828
151,2010-08-10,254.18047958374024
152,2010-08-11,253.8388380432129
153,2010-08-12,253.51106033325195
154,2010-08-13,253.19749664306642
155,2010-08-16,252.83843765258788
156,2010-08-17,252.4762756347656
157,2010-08-18,252.07317260742187
158,2010-08-19,251.60029983520508
159,2010-08-20,251.07632583618164
160,2010-08-23,250.56056015014647
161,2010-08-24,249.97292236328124
162,2010-08-25,249.39038970947266
163,2010-08-26,248.80360275268555
164,2010-08-27,248.27952850341796
165,2010-08-30,247.7049540710449
166,2010-08-31,247.1233723449707
167,2010-09-01,246.56080993652344
168,2010-09-02,245.9422413635254
169,2010-09-03,245.34814727783203
170,2010-09-07,244.69299224853515
171,2010-09-08,244.29474411010742
172,2010-09-09,243.92477416992188
173,2010-09-10,243.52987930297851
174,2010-09-13,243.16936874389648
175,2010-09-14,242.8358853149414
176,2010-09-15,242.5138133239746
177,2010-09-16,242.26066009521483
178,2010-09-17,242.06591537475586
179,2010-09-20,241.96126068115234
180,2010-09-21,241.86846801757812
181,2010-09-22,241.81991973876953
182,2010-09-23,241.73423431396483
183,2010-09-24,241.83893890380858
184,2010-09-27,241.94229217529298
185,2010-09-28,242.0849348449707
186,2010-09-29,242.25785766601564
187,2010-09-30,242.27857849121094
188,2010-10-01,242.36151123046875
189,2010-10-04,242.44639602661132
190,2010-10-05,242.58328308105467
191,2010-10-06,242.71751739501954
192,2010-10-07,242.82782760620117
193,2010-10-08,243.01791778564453
194,2010-10-11,243.2401901245117
195,2010-10-12,243.57242248535155
196,2010-10-13,243.92902923583983
197,2010-10-14,244.24819854736327
198,2010-10-15,244.8707211303711
199,2010-10-18,245.58263290405273
200,2010-10-19,246.1700701904297
201,2010-10-20,246.78243240356446
202,2010-10-21,247.43118118286134
203,2010-10-22,248.02757751464844
204,2010-10-25,248.58263259887696
205,2010-10-26,249.18263275146484
206,2010-10-27,249.83803817749023
207,2010-10-28,250.50770797729493
208,2010-10-29,251.20680709838868
209,2010-11-01,251.8473976135254
210,2010-11-02,252.48353363037108
211,2010-11-03,253.16916915893555
212,2010-11-04,253.801201171875
213,2010-11-05,254.4208708190918
214,2010-11-08,255.05495498657226
215,2010-11-09,255.6795295715332
216,2010-11-10,256.3518017578125
217,2010-11-11,257.0071571350098
218,2010-11-12,257.61396408081055
219,2010-11-15,258.2164164733887
220,2010-11-16,258.7721722412109
221,2010-11-17,259.3300802612305
222,2010-11-18,260.04229248046875
223,2010-11-19,260.77242279052734
224,2010-11-22,261.5318322753906
225,2010-11-23,262.2648651123047
226,2010-11-24,263.0601603698731
227,2010-11-26,263.7598599243164
228,2010-11-29,264.3882382202148
229,2010-11-30,264.82977996826173
230,2010-12-01,265.27282302856446
231,2010-12-02,265.686336517334
232,2010-12-03,266.0950451660156
233,2010-12-06,266.5171673583984
234,2010-12-07,267.1554556274414
235,2010-12-08,267.7778779602051
236,2010-12-09,268.32797805786134
237,2010-12-10,268.90210220336917
238,2010-12-13,269.45170181274415
239,2010-12-14,269.9764765930176
240,2010-12-15,270.48363357543946
241,2010-12-16,270.9795295715332
242,2010-12-17,271.5123124694824
243,2010-12-20,272.0632133483887
244,2010-12-21,272.65490493774416
245,2010-12-22,273.2308807373047
246,2010-12-23,273.80345336914064
247,2010-12-27,274.28423416137696
248,2010-12-28,274.73878875732424
249,2010-12-29,275.2431932067871
250,2010-12-30,275.7112112426758
251,2010-12-31,276.16296310424804
252,2011-01-03,276.7265766906738
253,2011-01-04,277.2776777648926
254,2011-01-05,277.89189208984374
255,2011-01-06,278.53208236694337
256,2011-01-07,279.1623126220703
257,2011-01-10,279.82327362060545
258,2011-01-11,280.56421463012697
259,2011-01-12,281.339239654541
260,2011-01-13,282.1031034851074
261,2011-01-14,282.9679183959961
262,2011-01-18,283.89389434814456
263,2011-01-19,284.7986491394043
264,2011-01-20,285.6391897583008
265,2011-01-21,286.4356861877441
266,2011-01-24,287.24179244995116
267,2011-01-25,288.04049102783205
268,2011-01-26,288.80785842895506
269,2011-01-27,289.5410415649414
270,2011-01-28,290.22467529296875
271,2011-01-31,290.87422470092775
272,2011-02-01,291.54919982910155
273,2011-02-02,292.2291798400879
274,2011-02-03,292.86921981811525
275,2011-02-04,293.52262329101563
276,2011-02-07,294.19154220581055
277,2011-02-08,294.8788296508789
278,2011-02-09,295.5112120056152
279,2011-02-10,296.0525534057617
280,2011-02-11,296.6083090209961
281,2011-02-14,297.1696203613281
282,2011-02-15,297.72352416992186
283,2011-02-16,298.20865936279296
284,2011-02-17,298.6833840942383
285,2011-02-18,299.19844909667967
286,2011-02-22,299.611462097168
287,2011-02-23,300.03954010009767
288,2011-02-24,300.4559567260742
289,2011-02-25,300.8948455810547
290,2011-02-28,301.27107177734376
291,2011-03-01,301.603454284668
292,2011-03-02,301.95770874023435
293,2011-03-03,302.32412506103515
294,2011-03-04,302.63333404541015
295,2011-03-07,302.88493560791017
296,2011-03-08,303.13023071289064
297,2011-03-09,303.38468505859373
298,2011-03-10,303.27882904052734
299,2011-03-11,303.07362396240234
300,2011-03-14,302.8842346191406
301,2011-03-15,302.69194244384767
302,2011-03-16,302.41721771240236
303,2011-03-17,302.1611117553711
304,2011-03-18,301.8836343383789
305,2011-03-21,301.67292358398436
306,2011-03-22,301.4769775390625
307,2011-03-23,301.29469512939454
308,2011-03-24,301.1605108642578
309,2011-03-25,300.9840344238281
310,2011-03-28,300.78263305664063
311,2011-03-29,300.59019073486326
312,2011-03-30,300.3778283691406
313,2011-03-31,300.18603668212893
314,2011-04-01,300.01101165771485
315,2011-04-04,299.8251257324219
316,2011-04-05,299.55590667724607
317,2011-04-06,299.3406414794922
318,2011-04-07,299.22407470703126
319,2011-04-08,299.1374380493164
320,2011-04-11,299.1056561279297
321,2011-04-12,299.04089111328125
322,2011-04-13,298.9393896484375
323,2011-04-14,298.8777279663086
324,2011-04-15,298.57482482910154
325,2011-04-18,298.29369384765624
326,2011-04-19,297.9261264038086
327,2011-04-20,297.60445495605467
328,2011-04-21,297.3191195678711
329,2011-04-25,297.16566589355466
330,2011-04-26,297.0078579711914
331,2011-04-27,296.8373873901367
332,2011-04-28,296.6620620727539
333,2011-04-29,296.4905905151367
334,2011-05-02,296.2474475097656
335,2011-05-03,295.9639141845703
336,2011-05-04,295.6850854492188
337,2011-05-05,295.39509552001954
338,2011-05-06,295.09819854736327
339,2011-05-09,294.81176208496095
340,2011-05-10,294.5733236694336
341,2011-05-11,294.2917419433594
342,2011-05-12,294.01271270751954
343,2011-05-13,293.68483489990234
344,2011-05-16,293.26116149902344
345,2011-05-17,292.8856359863281
346,2011-05-18,292.51316345214843
347,2011-05-19,292.15715759277344
348,2011-05-20,291.7823327636719
349,2011-05-23,291.36886932373045
350,2011-05-24,290.965466003418
351,2011-05-25,290.5935940551758
352,2011-05-26,290.1620623779297
353,2011-05-27,289.75555603027345
354,2011-05-31,289.3549053955078
355,2011-06-01,288.91496520996094
356,2011-06-02,288.4726226806641
357,2011-06-03,288.01651641845706
358,2011-06-06,287.54129119873045
359,2011-06-07,287.0516015625
360,2011-06-08,286.56351348876956
361,2011-06-09,286.0257257080078
362,2011-06-10,285.37447448730467
363,2011-06-13,284.7387387084961
364,2011-06-14,284.14614608764646
365,2011-06-15,283.601201171875
366,2011-06-16,283.04709701538087
367,2011-06-17,282.37197189331056
368,2011-06-20,281.71171157836915
369,2011-06-21,281.0921420288086
370,2011-06-22,280.52167144775393
371,2011-06-23,279.92037033081056
372,2011-06-24,279.23888870239256
373,2011-06-27,278.59224212646484
374,2011-06-28,278.00915908813477
375,2011-06-29,277.4415412902832
376,2011-06-30,276.90145126342776
377,2011-07-01,276.4142140197754
378,2011-07-05,275.9934931945801
379,2011-07-06,275.5876872253418
380,2011-07-07,275.19779739379885
381,2011-07-08,274.71651596069336
382,2011-07-11,274.231681060791
383,2011-07-12,273.7801795959473
384,2011-07-13,273.34474441528323
385,2011-07-14,272.8385383605957
386,2011-07-15,272.7755253601074
387,2011-07-18,272.6935432434082
388,2011-07-19,272.6621617126465
389,2011-07-20,272.58863815307615
390,2011-07-21,272.5565559387207
391,2011-07-22,272.64399337768555
392,2011-07-25,272.7350343322754
393,2011-07-26,272.7998991394043
394,2011-07-27,272.83293228149415
395,2011-07-28,272.9294288635254
396,2011-07-29,272.98638595581053
397,2011-08-01,273.06146102905274
398,2011-08-02,273.12202163696287
399,2011-08-03,273.24444412231446
400,2011-08-04,273.2821318054199
401,2011-08-05,273.3295793151855
402,2011-08-08,273.2741239929199
403,2011-08-09,273.3344343566894
404,2011-08-10,273.2741239929199
405,2011-08-11,273.20220199584963
406,2011-08-12,273.13438430786135
407,2011-08-15,273.0096095275879
408,2011-08-16,272.7699198913574
409,2011-08-17,272.5367366027832
410,2011-08-18,272.18398391723633
411,2011-08-19,271.7294793701172
412,2011-08-22,271.31071060180665
413,2011-08-23,270.9706706237793
414,2011-08-24,270.62777786254884
415,2011-08-25,270.28923934936523
416,2011-08-26,270.07787796020506
417,2011-08-29,269.9022023010254
418,2011-08-30,269.70550552368167
419,2011-08-31,269.5193196105957
420,2011-09-01,269.29474502563477
421,2011-09-02,269.06566604614255
422,2011-09-06,268.79489517211914
423,2011-09-07,268.57227249145507
424,2011-09-08,268.5935939025879
425,2011-09-09,268.58363388061525
426,2011-09-12,268.62662673950194
427,2011-09-13,268.6455955505371
428,2011-09-14,268.68048049926756
429,2011-09-15,268.76811813354493
430,2011-09-16,268.83748764038086
431,2011-09-19,268.88208236694334
432,2011-09-20,268.92542587280275
433,2011-09-21,268.9009013366699
434,2011-09-22,268.8113114929199
435,2011-09-23,268.76936935424806
436,2011-09-26,268.7498497009277
437,2011-09-27,268.77522506713865
438,2011-09-28,268.74289291381837
439,2011-09-29,268.691941986084
440,2011-09-30,268.55370376586916
441,2011-10-03,268.3538540649414
442,2011-10-04,268.18793823242186
443,2011-10-05,268.0635638427734
444,2011-10-06,268.0449951171875
445,2011-10-07,267.96821838378906
446,2011-10-10,268.0050552368164
447,2011-10-11,268.0647647094727
448,2011-10-12,268.18723724365236
449,2011-10-13,268.3904403686523
450,2011-10-14,268.7579077148437
451,2011-10-17,269.07192169189454
452,2011-10-18,269.43418395996093
453,2011-10-19,269.73348327636717
454,2011-10-20,270.0070068359375
455,2011-10-21,270.33178161621095
456,2011-10-24,270.67392395019533
457,2011-10-25,270.97462463378906
458,2011-10-26,271.301201171875
459,2011-10-27,271.6997998046875
460,2011-10-28,272.1050549316406
461,2011-10-31,272.48498474121095
462,2011-11-01,272.8310308837891
463,2011-11-02,273.2318817138672
464,2011-11-03,273.67797775268554
465,2011-11-04,274.1443942260742
466,2011-11-07,274.6847346496582
467,2011-11-08,275.32197189331055
468,2011-11-09,275.9044044494629
469,2011-11-10,276.41531524658205
470,2011-11-11,277.0226226806641
471,2011-11-14,277.6871870422363
472,2011-11-15,278.3962962341309
473,2011-11-16,279.040290222168
474,2011-11-17,279.5769270324707
475,2011-11-18,280.06396408081054
476,2011-11-21,280.437137298584
477,2011-11-22,280.7322822570801
478,2011-11-23,280.9208207702637
479,2011-11-25,281.0591590881348
480,2011-11-28,281.2673173522949
481,2011-11-29,281.5222721862793
482,2011-11-30,281.8831831359863
483,2011-12-01,282.28238235473634
484,2011-12-02,282.69329299926756
485,2011-12-05,283.1773271179199
486,2011-12-06,283.3082081604004
487,2011-12-07,283.4506007385254
488,2011-12-08,283.51816848754885
489,2011-12-09,283.67867904663086
490,2011-12-12,283.7707710266113
491,2011-12-13,283.8078080749512
492,2011-12-14,283.80325332641604
493,2011-12-15,283.788338470459
494,2011-12-16,283.8821324157715
495,2011-12-19,283.93663681030273
496,2011-12-20,284.0701701354981
497,2011-12-21,284.16551559448243
498,2011-12-22,284.3522023010254
499,2011-12-23,284.5122123718262
500,2011-12-27,284.8261763000488
501,2011-12-28,285.1297798156738
502,2011-12-29,285.61216201782224
503,2011-12-30,285.97497482299804
504,2012-01-03,286.557557220459
505,2012-01-04,287.08883865356444
506,2012-01-05,287.56551528930663
507,2012-01-06,288.0299296569824
508,2012-01-09,288.4476472473145
509,2012-01-10,288.8980479431152
510,2012-01-11,289.50405410766604
511,2012-01-12,290.1983483886719
512,2012-01-13,290.8330830383301
513,2012-01-17,291.38243240356445
514,2012-01-18,291.9310807800293
515,2012-01-19,292.5293290710449
516,2012-01-20,292.8252751159668
517,2012-01-23,293.05770736694336
518,2012-01-24,293.25905899047854
519,2012-01-25,293.40185165405273
520,2012-01-26,293.58002975463864
521,2012-01-27,293.85600570678713
522,2012-01-30,294.1338334655762
523,2012-01-31,294.36446395874026
524,2012-02-01,294.59404373168945
525,2012-02-02,294.8956452941895
526,2012-02-03,295.22702682495117
527,2012-02-06,295.6252751159668
528,2012-02-07,295.999149017334
529,2012-02-08,296.3359358215332
530,2012-02-09,296.66016006469727
531,2012-02-10,296.9566566467285
532,2012-02-13,297.28483474731445
533,2012-02-14,297.63798782348636
534,2012-02-15,298.06291275024415
535,2012-02-16,298.4683683776855
536,2012-02-17,298.8324824523926
537,2012-02-21,299.20615615844724
538,2012-02-22,299.60205184936524
539,2012-02-23,299.99549545288085
540,2012-02-24,300.4702702331543
541,2012-02-27,301.0397897338867
542,2012-02-28,301.62282287597657
543,2012-02-29,302.1911413574219
544,2012-03-01,302.7301303100586
545,2012-03-02,303.2613116455078
546,2012-03-05,303.6470974731445
547,2012-03-06,303.9563067626953
548,2012-03-07,304.248098449707
549,2012-03-08,304.48908935546876
550,2012-03-09,304.5319821166992
551,2012-03-12,304.6457958984375
552,2012-03-13,304.78228240966797
553,2012-03-14,304.958908996582
554,2012-03-15,305.146396484375
555,2012-03-16,305.31931945800784
556,2012-03-19,305.507307434082
557,2012-03-20,305.75920959472654
558,2012-03-21,306.0278280639648
559,2012-03-22,306.26496520996096
560,2012-03-23,306.47742767333983
561,2012-03-26,306.76116149902344
562,2012-03-27,307.10335357666014
563,2012-03-28,307.4584088134766
564,2012-03-29,307.71321380615234
565,2012-03-30,307.93893951416015
566,2012-04-02,308.13208251953125
567,2012-04-03,308.2836340332031
568,2012-04-04,308.4548049926758
569,2012-04-05,308.64119140625
570,2012-04-09,308.75375396728515
571,2012-04-10,308.8231234741211
572,2012-04-11,308.9202206420898
573,2012-04-12,309.1181185913086
574,2012-04-13,309.23688720703126
575,2012-04-16,309.292893371582
576,2012-04-17,309.4361865234375
577,2012-04-18,309.5735739135742
578,2012-04-19,309.7196701049805
579,2012-04-20,309.8851358032227
580,2012-04-23,309.93223266601564
581,2012-04-24,310.02402465820313
582,2012-04-25,310.0757263183594
583,2012-04-26,310.0842346191406
584,2012-04-27,310.0573077392578
585,2012-04-30,309.9532034301758
586,2012-05-01,309.8564065551758
587,2012-05-02,309.7756756591797
588,2012-05-03,309.75050048828126
589,2012-05-04,309.59809814453126
590,2012-05-07,309.5088088989258
591,2012-05-08,309.4445443725586
592,2012-05-09,309.39989990234375
593,2012-05-10,309.3704705810547
594,2012-05-11,309.2667166137695
595,2012-05-14,309.1774774169922
596,2012-05-15,309.08108123779294
597,2012-05-16,309.0966467285156
598,2012-05-17,309.06336334228513
599,2012-05-18,308.89949920654294
600,2012-05-21,308.7686685180664
601,2012-05-22,308.57397399902345
602,2012-05-23,308.4091091918945
603,2012-05-24,308.19769775390625
604,2012-05-25,307.8279281616211
605,2012-05-29,307.4578579711914
606,2012-05-30,307.1036038208008
607,2012-05-31,306.7574578857422
608,2012-06-01,306.4998004150391
609,2012-06-04,306.2768273925781
610,2012-06-05,305.9987991333008
611,2012-06-06,305.7532034301758
612,2012-06-07,305.51916961669923
613,2012-06-08,305.278278503418
614,2012-06-11,304.95590637207033
615,2012-06-12,304.58318359375
616,2012-06-13,304.45855895996095
617,2012-06-14,304.3260766601563
618,2012-06-15,304.2438943481445
619,2012-06-18,304.2507012939453
620,2012-06-19,304.3179187011719
621,2012-06-20,304.30555633544924
622,2012-06-21,304.2430938720703
623,2012-06-22,304.1999008178711
624,2012-06-25,304.0991500854492
625,2012-06-26,303.9968978881836
626,2012-06-27,303.86161254882813
627,2012-06-28,303.63748840332033
628,2012-06-29,303.503854675293
629,2012-07-02,303.3568075561523
630,2012-07-03,303.23853912353513
631,2012-07-05,303.1885391235352
632,2012-07-06,303.05730804443357
633,2012-07-09,302.93843933105467
634,2012-07-10,302.8190200805664
635,2012-07-11,302.64219329833986
636,2012-07-12,302.4712222290039
637,2012-07-13,302.2836346435547
638,2012-07-16,302.1183694458008
639,2012-07-17,301.97132232666013
640,2012-07-18,301.82547668457033
641,2012-07-19,301.74414520263673
642,2012-07-20,301.70625732421877
643,2012-07-23,301.69254333496093
644,2012-07-24,301.6183190917969
645,2012-07-25,301.55195251464846
646,2012-07-26,301.5474981689453
647,2012-07-27,301.69764831542966
648,2012-07-30,301.82527587890627
649,2012-07-31,301.9545550537109
650,2012-08-01,302.11686737060546
651,2012-08-02,302.2349856567383
652,2012-08-03,302.3528536987305
653,2012-08-06,302.48713775634764
654,2012-08-07,302.58428466796875
655,2012-08-08,302.6703207397461
656,2012-08-09,302.71221252441404
657,2012-08-10,302.75480499267576
658,2012-08-13,302.8550552368164
659,2012-08-14,302.96821838378906
660,2012-08-15,303.09309326171876
661,2012-08-16,303.21091094970706
662,2012-08-17,303.3616616821289
663,2012-08-20,303.4606604003906
664,2012-08-21,303.56626586914064
665,2012-08-22,303.7461456298828
666,2012-08-23,303.8956951904297
667,2012-08-24,304.0759255981445
668,2012-08-27,304.24644622802737
669,2012-08-28,304.47132110595703
670,2012-08-29,304.75745697021483
671,2012-08-30,305.0318313598633
672,2012-08-31,305.27772705078127
673,2012-09-04,305.42802734375
674,2012-09-05,305.70890838623046
675,2012-09-06,306.176025390625
676,2012-09-07,306.6594088745117
677,2012-09-10,307.1264761352539
678,2012-09-11,307.5913909912109
679,2012-09-12,308.0659655761719
680,2012-09-13,308.60870849609375
681,2012-09-14,309.15130096435547
682,2012-09-17,309.65310272216794
683,2012-09-18,310.16766754150393
684,2012-09-19,310.73083068847654
685,2012-09-20,311.3477978515625
686,2012-09-21,311.9962463378906
687,2012-09-24,312.70755767822266
688,2012-09-25,313.39894897460937
689,2012-09-26,314.1821823120117
690,2012-09-27,314.9276779174805
691,2012-09-28,315.6369372558594
692,2012-10-01,316.4008511352539
693,2012-10-02,317.11821838378904
694,2012-10-03,317.90535552978514
695,2012-10-04,318.72642669677737
696,2012-10-05,319.50990997314454
697,2012-10-08,320.15510498046876
698,2012-10-09,320.760910949707
699,2012-10-10,321.48243255615233
700,2012-10-11,322.16997009277344
701,2012-10-12,322.8904403686523
702,2012-10-15,323.54869873046874
703,2012-10-16,324.2546044921875
704,2012-10-17,325.0752249145508
705,2012-10-18,325.57902862548826
706,2012-10-19,326.0472967529297
707,2012-10-22,326.5368362426758
708,2012-10-23,327.0842333984375
709,2012-10-24,327.57827728271485
710,2012-10-25,328.1155645751953
711,2012-10-26,328.58893798828126
712,2012-10-31,329.09979858398435
713,2012-11-01,329.6360348510742
714,2012-11-02,330.2337322998047
715,2012-11-05,330.82362213134763
716,2012-11-06,331.42737579345703
717,2012-11-07,331.9682666015625
718,2012-11-08,332.4076058959961
719,2012-11-09,332.8689669799805
720,2012-11-12,333.29123931884766
721,2012-11-13,333.6993475341797
722,2012-11-14,334.1364846801758
723,2012-11-15,334.5157638549805
724,2012-11-16,334.948596496582
725,2012-11-19,335.46676483154295
726,2012-11-20,335.9706185913086
727,2012-11-21,336.47892700195314
728,2012-11-23,336.9188668823242
729,2012-11-26,337.3226708984375
730,2012-11-27,337.73748596191405
731,2012-11-28,338.17667510986325
732,2012-11-29,338.70675506591795
733,2012-11-30,339.2691174316406
734,2012-12-03,339.83743560791015
735,2012-12-04,340.43723541259766
736,2012-12-05,341.02452270507814
737,2012-12-06,341.5981463623047
738,2012-12-07,342.1451434326172
739,2012-12-10,342.6891372680664
740,2012-12-11,343.2703182983398
741,2012-12-12,343.79334136962893
742,2012-12-13,344.25320098876955
743,2012-12-14,344.6858837890625
744,2012-12-17,345.25250061035155
745,2012-12-18,345.818466796875
746,2012-12-19,346.3527508544922
747,2012-12-20,346.79018829345705
748,2012-12-21,347.2072555541992
749,2012-12-24,347.59028869628906
750,2012-12-26,347.9716201782227
751,2012-12-27,348.3597082519531
752,2012-12-28,348.6534017944336
753,2012-12-31,348.9765249633789
754,2013-01-02,349.39048919677737
755,2013-01-03,349.7980969238281
756,2013-01-04,350.27667541503905
757,2013-01-07,350.74088958740236
758,2013-01-08,351.1077066040039
759,2013-01-09,351.45535430908205
760,2013-01-10,351.8254244995117
761,2013-01-11,352.16136047363284
762,2013-01-14,352.392141418457
763,2013-01-15,352.639338684082
764,2013-01-16,352.8679672241211
765,2013-01-17,353.0388381958008
766,2013-01-18,353.1775268554687
767,2013-01-22,353.2988479614258
768,2013-01-23,353.6606097412109
769,2013-01-24,354.04579498291014
770,2013-01-25,354.374423828125
771,2013-01-28,354.72001953125
772,2013-01-29,355.06331298828127
773,2013-01-30,355.4276272583008
774,2013-01-31,355.8028524780273
775,2013-02-01,356.1842340087891
776,2013-02-04,356.4488485717773
777,2013-02-05,356.7740237426758
778,2013-02-06,357.16431396484376
779,2013-02-07,357.58007965087893
780,2013-02-08,357.97712646484376
781,2013-02-11,358.3411904907227
782,2013-02-12,358.6951446533203
783,2013-02-13,359.01836761474607
784,2013-02-14,359.32026947021484
785,2013-02-15,359.644443359375
786,2013-02-19,360.0091079711914
787,2013-02-20,360.2247235107422
788,2013-02-21,360.45680572509764
789,2013-02-22,360.6882870483398
790,2013-02-25,360.8598086547852
791,2013-02-26,361.03813690185547
792,2013-02-27,361.2283270263672
793,2013-02-28,361.44959838867186
794,2013-03-01,361.66826721191404
795,2013-03-04,361.93578460693357
796,2013-03-05,362.29088989257815
797,2013-03-06,362.6589581298828
798,2013-03-07,363.10195098876954
799,2013-03-08,363.53718627929686
800,2013-03-11,363.9543032836914
801,2013-03-12,364.36901794433595
802,2013-03-13,364.79108978271483
803,2013-03-14,365.17567443847656
804,2013-03-15,365.47001892089844
805,2013-03-18,366.03453338623046
806,2013-03-19,366.6828317260742
807,2013-03-20,367.36371246337893
808,2013-03-21,368.0189178466797
809,2013-03-22,368.6846334838867
810,2013-03-25,369.3446936035156
811,2013-03-26,370.03173065185547
812,2013-03-27,370.64414306640623
813,2013-03-28,371.1776766967773
814,2013-04-01,371.74459381103514
815,2013-04-02,372.39564514160156
816,2013-04-03,373.01866821289065
817,2013-04-04,373.6590585327148
818,2013-04-05,374.3135131835937
819,2013-04-08,374.8731729125977
820,2013-04-09,375.4324819946289
821,2013-04-10,376.08878814697266
822,2013-04-11,376.77867797851565
823,2013-04-12,377.493342590332
824,2013-04-15,378.1677670288086
825,2013-04-16,378.7941934204102
826,2013-04-17,379.3577069091797
827,2013-04-18,379.85840759277346
828,2013-04-19,380.5185678100586
829,2013-04-22,381.21406311035156
830,2013-04-23,381.9006994628906
831,2013-04-24,382.5502490234375
832,2013-04-25,383.13688568115236
833,2013-04-26,383.6526513671875
834,2013-04-29,384.2723211669922
835,2013-04-30,384.94068939208984
836,2013-05-01,385.60440338134765
837,2013-05-02,386.2974963378906
838,2013-05-03,387.1058547973633
839,2013-05-06,387.98738647460937
840,2013-05-07,388.78993896484377
841,2013-05-08,389.6711703491211
842,2013-05-09,390.51591522216796
843,2013-05-10,391.4081573486328
844,2013-05-13,392.1926916503906
845,2013-05-14,393.02367248535154
846,2013-05-15,394.00355255126954
847,2013-05-16,394.9120111083984
848,2013-05-17,395.88072967529297
849,2013-05-20,396.87687591552736
850,2013-05-21,397.8683673095703
851,2013-05-22,398.7849337768555
852,2013-05-23,399.69974853515623
853,2013-05-24,400.5302792358398
854,2013-05-28,401.3211700439453
855,2013-05-29,402.04509399414064
856,2013-05-30,402.7097088623047
857,2013-05-31,403.3927420043945
858,2013-06-03,404.06506408691405
859,2013-06-04,404.67056945800783
860,2013-06-05,405.26226104736327
861,2013-06-06,405.88613494873044
862,2013-06-07,406.66931793212893
863,2013-06-10,407.4965951538086
864,2013-06-11,408.3205191040039
865,2013-06-12,409.12462310791017
866,2013-06-13,409.98793640136716
867,2013-06-14,410.8496481323242
868,2013-06-17,411.5741226196289
869,2013-06-18,412.3069055175781
870,2013-06-19,413.04269134521485
871,2013-06-20,413.7134118652344
872,2013-06-21,414.35029876708984
873,2013-06-24,414.9306790161133
874,2013-06-25,415.48378204345704
875,2013-06-26,415.97452270507813
876,2013-06-27,416.56536346435547
877,2013-06-28,417.13908721923826
878,2013-07-01,417.72822662353514
879,2013-07-02,418.27056884765625
880,2013-07-03,418.77637481689453
881,2013-07-05,419.33228088378905
882,2013-07-08,419.95485321044924
883,2013-07-09,420.56736572265623
884,2013-07-10,421.1588073730469
885,2013-07-11,421.7961947631836
886,2013-07-12,422.37752624511717
887,2013-07-15,423.03933807373045
888,2013-07-16,423.66035888671877
889,2013-07-17,424.2551538085938
890,2013-07-18,424.8553039550781
891,2013-07-19,425.3881869506836
892,2013-07-22,425.94334228515623
893,2013-07-23,426.4568557739258
894,2013-07-24,426.9408898925781
895,2013-07-25,427.27222106933596
896,2013-07-26,427.5062048339844
897,2013-07-29,427.76090942382814
898,2013-07-30,428.05280151367185
899,2013-07-31,428.33423278808596
900,2013-08-01,428.6815802001953
901,2013-08-02,429.0767755126953
902,2013-08-05,429.47562438964843
903,2013-08-06,429.85114990234376
904,2013-08-07,430.2332821655273
905,2013-08-08,430.6580569458008
906,2013-08-09,431.0539028930664
907,2013-08-12,431.40825744628904
908,2013-08-13,431.7585577392578
909,2013-08-14,432.0563555908203
910,2013-08-15,432.3067059326172
911,2013-08-16,432.52937866210937
912,2013-08-19,432.8446441650391
913,2013-08-20,433.2011508178711
914,2013-08-21,433.5421917724609
915,2013-08-22,433.84584533691407
916,2013-08-23,434.16621551513674
917,2013-08-26,434.5231726074219
918,2013-08-27,434.85900817871095
919,2013-08-28,435.2278771972656
920,2013-08-29,435.6171667480469
921,2013-08-30,435.90105072021487
922,2013-09-03,436.2513510131836
923,2013-09-04,436.65965942382815
924,2013-09-05,437.14829803466796
925,2013-09-06,437.5797793579102
926,2013-09-09,438.1077575683594
927,2013-09-10,438.7221719360352
928,2013-09-11,439.2042541503906
929,2013-09-12,439.6694696044922
930,2013-09-13,440.0757260131836
931,2013-09-16,440.4476477050781
932,2013-09-17,440.833083190918
933,2013-09-18,441.34309326171876
934,2013-09-19,441.7401403808594
935,2013-09-20,442.13323364257815
936,2013-09-23,442.4639141845703
937,2013-09-24,442.75035064697266
938,2013-09-25,442.9080581665039
939,2013-09-26,442.9912414550781
940,2013-09-27,443.0871374511719
941,2013-09-30,443.09854888916016
942,2013-10-01,443.17622650146484
943,2013-10-02,443.21506561279296
944,2013-10-03,443.20785858154295
945,2013-10-04,443.13403472900393
946,2013-10-07,442.8830337524414
947,2013-10-08,442.6317825317383
948,2013-10-09,442.3649157714844
949,2013-10-10,442.16326416015625
950,2013-10-11,441.9881890869141
951,2013-10-14,441.9215725708008
952,2013-10-15,441.91766876220703
953,2013-10-16,442.04134246826175
954,2013-10-17,442.07898010253905
955,2013-10-18,442.79519622802735
956,2013-10-21,443.4585595703125
957,2013-10-22,444.1381390380859
958,2013-10-23,444.95785858154295
959,2013-10-24,445.79094146728517
960,2013-10-25,446.5692196655273
961,2013-10-28,447.3217721557617
962,2013-10-29,448.1051052856445
963,2013-10-30,448.80680694580076
964,2013-10-31,449.5614114379883
965,2013-11-01,450.3374877929688
966,2013-11-04,451.0837838745117
967,2013-11-05,451.8169171142578
968,2013-11-06,452.500100402832
969,2013-11-07,453.03728759765625
970,2013-11-08,453.61461486816404
971,2013-11-11,454.244494934082
972,2013-11-12,454.89939971923826
973,2013-11-13,455.71361419677737
974,2013-11-14,456.5596099853516
975,2013-11-15,457.3599603271484
976,2013-11-18,458.13313385009764
977,2013-11-19,458.8580084228516
978,2013-11-20,459.53083099365233
979,2013-11-21,460.290390625
980,2013-11-22,461.01841888427737
981,2013-11-25,461.78138153076173
982,2013-11-26,462.54874908447266
983,2013-11-27,463.33888946533204
984,2013-11-29,464.1076580810547
985,2013-12-02,464.7795300292969
986,2013-12-03,465.4314819335938
987,2013-12-04,466.09960021972654
988,2013-12-05,466.78893981933595
989,2013-12-06,467.5462969970703
990,2013-12-09,468.3844351196289
991,2013-12-10,469.32567626953124
992,2013-12-11,470.15946014404295
993,2013-12-12,470.9910916137695
994,2013-12-13,471.7813314819336
995,2013-12-16,472.7086590576172
996,2013-12-17,473.6321325683594
997,2013-12-18,474.64554595947266
998,2013-12-19,475.6230230712891
999,2013-12-20,476.68843841552734
1000,2013-12-23,477.743893737793
1001,2013-12-24,478.7712713623047
1002,2013-12-26,479.83463500976563
1003,2013-12-27,480.94489532470703
1004,2013-12-30,482.0400402832031
1005,2013-12-31,483.18143157958986
1006,2014-01-02,484.29609619140626
1007,2014-01-03,485.39464447021487
1008,2014-01-06,486.57617614746096
1009,2014-01-07,487.92277282714844
1010,2014-01-08,489.33203186035155
1011,2014-01-09,490.70004974365236
1012,2014-01-10,492.0240234375
1013,2014-01-13,493.313112487793
1014,2014-01-14,494.71486419677734
1015,2014-01-15,496.09079010009765
1016,2014-01-16,497.5222714233398
1017,2014-01-17,498.9443933105469
1018,2014-01-21,500.5137127685547
1019,2014-01-22,502.097646484375
1020,2014-01-23,503.6225210571289
1021,2014-01-24,505.00855712890626
1022,2014-01-27,506.21401245117187
1023,2014-01-28,507.472170715332
1024,2014-01-29,508.61010894775393
1025,2014-01-30,509.8904391479492
1026,2014-01-31,511.3565048217773
1027,2014-02-03,512.5815298461914
1028,2014-02-04,513.7925909423828
1029,2014-02-05,515.0445428466796
1030,2014-02-06,516.4003485107422
1031,2014-02-07,517.8501986694336
1032,2014-02-10,519.2857342529297
1033,2014-02-11,520.7214697265625
1034,2014-02-12,522.1644128417969
1035,2014-02-13,523.6498480224609
1036,2014-02-14,525.232931213379
1037,2014-02-18,526.8547528076172
1038,2014-02-19,528.4819302368164
1039,2014-02-20,530.1132614135743
1040,2014-02-21,531.7519000244141
1041,2014-02-24,533.4365847778321
1042,2014-02-25,535.1032513427734
1043,2014-02-26,536.7658135986328
1044,2014-02-27,538.4831307983399
1045,2014-02-28,540.2013488769531
1046,2014-03-03,541.8877853393554
1047,2014-03-04,543.6957931518555
1048,2014-03-05,545.5096069335938
1049,2014-03-06,547.2682153320312
1050,2014-03-07,548.9839309692383
1051,2014-03-10,550.66291015625
1052,2014-03-11,552.254401550293
1053,2014-03-12,553.8022994995117
1054,2014-03-13,555.3051522827149
1055,2014-03-14,556.11291015625
1056,2014-03-17,557.0578552246094
1057,2014-03-18,558.0801773071289
1058,2014-03-19,558.9202175903321
1059,2014-03-20,559.7791268920898
1060,2014-03-21,560.619167175293
1061,2014-03-24,561.3345327758789
1062,2014-03-25,561.947546081543
1063,2014-03-26,562.4558047485351
1064,2014-03-27,562.874723815918
1065,2014-03-28,563.340739440918
1066,2014-03-31,563.783182067871
1067,2014-04-01,564.3505993652344
1068,2014-04-02,564.9129113769532
1069,2014-04-03,565.5831164550781
1070,2014-04-04,565.9503811645508
1071,2014-04-07,566.2986730957032
1072,2014-04-08,566.8098092651367
1073,2014-04-09,567.3126913452148
1074,2014-04-10,567.5982601928711
1075,2014-04-11,567.8028872680665
1076,2014-04-14,568.0919741821289
1077,2014-04-15,568.4478433227539
1078,2014-04-16,568.9701770019532
1079,2014-04-17,569.2280517578125
1080,2014-04-21,569.4571368408203
1081,2014-04-22,569.6772521972656
1082,2014-04-23,569.7550048828125
1083,2014-04-24,569.7785339355469
1084,2014-04-25,569.7062805175781
1085,2014-04-28,569.6584027099609
1086,2014-04-29,569.750131225586
1087,2014-04-30,569.8027349853515
1088,2014-05-01,569.8960430908203
1089,2014-05-02,569.8800384521485
1090,2014-05-05,569.8372424316407
1091,2014-05-06,569.6342138671876
1092,2014-05-07,569.4223718261719
1093,2014-05-08,569.2689166259765
1094,2014-05-09,569.2258575439453
1095,2014-05-12,569.239887084961
1096,2014-05-13,569.3006323242188
1097,2014-05-14,569.2155529785156
1098,2014-05-15,569.0702166748047
1099,2014-05-16,568.8446081542969
1100,2014-05-19,568.6518273925781
1101,2014-05-20,568.490962524414
1102,2014-05-21,568.3950695800781
1103,2014-05-22,568.3519720458985
1104,2014-05-23,568.437119140625
1105,2014-05-27,568.57666015625
1106,2014-05-28,568.7099890136719
1107,2014-05-29,568.88505859375
1108,2014-05-30,569.0093664550782
1109,2014-06-02,568.9527667236329
1110,2014-06-03,568.7860052490234
1111,2014-06-04,568.6667486572265
1112,2014-06-05,568.6594921875
1113,2014-06-06,568.6992718505859
1114,2014-06-09,568.6538189697266
1115,2014-06-10,568.5879699707032
1116,2014-06-11,568.4760833740235
1117,2014-06-12,568.3126751708984
1118,2014-06-13,568.0918505859376
1119,2014-06-16,567.7839196777344
1120,2014-06-17,567.4838134765625
1121,2014-06-18,567.4656384277343
1122,2014-06-19,567.603876953125
1123,2014-06-20,567.6484063720703
1124,2014-06-23,567.8511657714844
1125,2014-06-24,567.8939331054687
1126,2014-06-25,567.8424725341797
1127,2014-06-26,568.0173498535156
1128,2014-06-27,568.1777532958985
1129,2014-06-30,568.3027313232421
1130,2014-07-01,568.412025756836
1131,2014-07-02,568.4267327880859
1132,2014-07-03,568.4870123291016
1133,2014-07-07,568.4377557373047
1134,2014-07-08,568.2823663330078
1135,2014-07-09,568.1104608154296
1136,2014-07-10,567.8908404541015
1137,2014-07-11,567.696880493164
1138,2014-07-14,567.6217626953126
1139,2014-07-15,567.5257861328125
1140,2014-07-16,567.4070111083985
1141,2014-07-17,567.1465924072265
1142,2014-07-18,567.091586303711
1143,2014-07-21,566.9690295410156
1144,2014-07-22,566.9025775146484
1145,2014-07-23,566.8701434326172
1146,2014-07-24,566.8807739257812
1147,2014-07-25,566.7809436035157
1148,2014-07-28,566.6737463378906
1149,2014-07-29,566.5090924072266
1150,2014-07-30,566.3834625244141
1151,2014-07-31,566.1150482177734
1152,2014-08-01,565.845092163086
1153,2014-08-04,565.625249633789
1154,2014-08-05,565.4053985595704
1155,2014-08-06,565.2804284667968
1156,2014-08-07,565.0320617675782
1157,2014-08-08,564.7490997314453
1158,2014-08-11,564.5193475341797
1159,2014-08-12,564.248755493164
1160,2014-08-13,564.1732342529297
1161,2014-08-14,564.2242889404297
1162,2014-08-15,564.2619897460937
1163,2014-08-18,564.5234741210937
1164,2014-08-19,564.9175970458984
1165,2014-08-20,565.2653405761719
1166,2014-08-21,565.6114123535157
1167,2014-08-22,565.8566821289063
1168,2014-08-25,566.081201171875
1169,2014-08-26,566.2474011230469
1170,2014-08-27,566.6249011230469
1171,2014-08-28,567.0218011474609
1172,2014-08-29,567.2703009033203
1173,2014-09-02,567.486201171875
1174,2014-09-03,567.9145013427734
1175,2014-09-04,568.4683013916016
1176,2014-09-05,568.9941015625
1177,2014-09-08,569.5234014892578
1178,2014-09-09,569.8041009521485
1179,2014-09-10,570.3049005126953
1180,2014-09-11,570.8223004150391
1181,2014-09-12,571.2163006591796
1182,2014-09-15,571.6576007080079
1183,2014-09-16,572.2010009765625
1184,2014-09-17,572.9029010009766
1185,2014-09-18,573.6458013916016
1186,2014-09-19,574.3365014648438
1187,2014-09-22,574.9604016113282
1188,2014-09-23,575.4869012451172
1189,2014-09-24,576.1324011230469
1190,2014-09-25,576.6316009521485
1191,2014-09-26,577.2849011230469
1192,2014-09-29,577.9830010986328
1193,2014-09-30,578.6654010009765
1194,2014-10-01,579.1955010986328
1195,2014-10-02,579.6200012207031
1196,2014-10-03,580.0671014404297
1197,2014-10-06,580.6008020019531
1198,2014-10-07,581.0506018066407
1199,2014-10-08,581.6050018310547
1200,2014-10-09,581.9248016357421
1201,2014-10-10,582.0728015136718
1202,2014-10-13,582.0233013916015
1203,2014-10-14,581.9557012939454
1204,2014-10-15,581.7250012207031
1205,2014-10-16,581.3455010986328
1206,2014-10-17,580.8707006835938
1207,2014-10-20,580.488900756836
1208,2014-10-21,580.152700805664
1209,2014-10-22,579.9362005615235
1210,2014-10-23,579.9276007080078
1211,2014-10-24,579.8790008544922
1212,2014-10-27,579.7285009765625
1213,2014-10-28,579.6576007080079
1214,2014-10-29,579.5348010253906
1215,2014-10-30,579.4545013427735
1216,2014-10-31,579.4582012939453
1217,2014-11-03,579.5009014892578
1218,2014-11-04,579.5393017578125
1219,2014-11-05,579.5758020019531
1220,2014-11-06,579.5865020751953
1221,2014-11-07,579.4981024169922
1222,2014-11-10,579.4305023193359
1223,2014-11-11,579.3782019042969
1224,2014-11-12,579.2178021240235
1225,2014-11-13,579.0568023681641
1226,2014-11-14,578.7494024658204
1227,2014-11-17,578.3681024169922
1228,2014-11-18,577.9563024902344
1229,2014-11-19,577.5816027832032
1230,2014-11-20,577.1043029785156
1231,2014-11-21,576.6554028320312
1232,2014-11-24,576.1994024658203
1233,2014-11-25,575.7841021728516
1234,2014-11-26,575.4774017333984
1235,2014-11-28,575.1346020507813
1236,2014-12-01,574.7307025146484
1237,2014-12-02,574.2501025390625
1238,2014-12-03,573.6772021484375
1239,2014-12-04,573.17240234375
1240,2014-12-05,572.5470025634766
1241,2014-12-08,572.0461022949219
1242,2014-12-09,571.3561022949219
1243,2014-12-10,570.6521020507812
1244,2014-12-11,569.9375018310546
1245,2014-12-12,569.1007019042969
1246,2014-12-15,568.2290020751954
1247,2014-12-16,567.2298019409179
1248,2014-12-17,566.3041018676757
1249,2014-12-18,565.5108016967773
1250,2014-12-19,564.7568014526368
1251,2014-12-22,564.2843014526367
1252,2014-12-23,563.9360018920898
1253,2014-12-24,563.4826016235352
1254,2014-12-26,563.1664016723632
1255,2014-12-29,562.7946017456055
1256,2014-12-30,562.4293020629883
1257,2014-12-31,561.9565017700195
1258,2015-01-02,561.4795016479492
1259,2015-01-05,560.952901916504
1260,2015-01-06,560.1737020874024
1261,2015-01-07,559.3787017822266
1262,2015-01-08,558.6107015991211
1263,2015-01-09,557.6909014892578
1264,2015-01-12,556.6904016113281
1265,2015-01-13,555.7543017578125
1266,2015-01-14,554.8894018554688
1267,2015-01-15,554.0041021728516
1268,2015-01-16,553.2030020141601
1269,2015-01-20,552.4212020874023
1270,2015-01-21,551.7951022338867
1271,2015-01-22,551.3649020385742
1272,2015-01-23,550.9608023071289
1273,2015-01-26,550.4417019653321
1274,2015-01-27,549.7584017944336
1275,2015-01-28,548.951301574707
1276,2015-01-29,548.1058010864258
1277,2015-01-30,547.4650009155273
1278,2015-02-02,546.8673013305664
1279,2015-02-03,546.2661013793945
1280,2015-02-04,545.6160012817382
1281,2015-02-05,545.0653012084961
1282,2015-02-06,544.5877011108398
1283,2015-02-09,543.9927011108398
1284,2015-02-10,543.4614010620118
1285,2015-02-11,542.8687008666992
1286,2015-02-12,542.2748007202149
1287,2015-02-13,541.8137002563476
1288,2015-02-17,541.3520004272461
1289,2015-02-18,540.7943008422851
1290,2015-02-19,540.4063009643555
1291,2015-02-20,539.9453005981445
1292,2015-02-23,539.4172006225585
1293,2015-02-24,538.9196011352539
1294,2015-02-25,538.5966012573242
1295,2015-02-26,538.3807009887695
1296,2015-02-27,538.1445010375977
1297,2015-03-02,538.0169009399414
1298,2015-03-03,538.0638009643554
1299,2015-03-04,538.0097012329102
1300,2015-03-05,538.1159011840821
1301,2015-03-06,538.2930014038086
1302,2015-03-09,538.5865011596679
1303,2015-03-10,538.6981008911133
1304,2015-03-11,538.8477011108398
1305,2015-03-12,539.0902011108399
1306,2015-03-13,539.3905014038086
1307,2015-03-16,539.6831015014649
1308,2015-03-17,539.8789010620117
1309,2015-03-18,540.1136007690429
1310,2015-03-19,540.2138003540039
1311,2015-03-20,540.3743002319336
1312,2015-03-23,540.5292001342773
1313,2015-03-24,540.7151998901368
1314,2015-03-25,540.8006997680664
1315,2015-03-26,540.8343997192383
1316,2015-03-27,540.7311996459961
1317,2015-03-30,540.7048995971679
1318,2015-03-31,540.6099996948242
1319,2015-04-01,540.5453994750976
1320,2015-04-02,540.4415994262695
1321,2015-04-06,540.3628994750976
1322,2015-04-07,540.2291995239258
1323,2015-04-08,540.104700012207
1324,2015-04-09,540.0024002075195
1325,2015-04-10,539.9233999633789
1326,2015-04-13,539.8579000854493
1327,2015-04-14,539.7893002319336
1328,2015-04-15,539.7545999145508
1329,2015-04-16,539.717799987793
1330,2015-04-17,539.6075997924804
1331,2015-04-20,539.5939999389649
1332,2015-04-21,539.5483999633789
1333,2015-04-22,539.5479000854492
1334,2015-04-23,539.6452005004883
1335,2015-04-24,539.8910000610351
1336,2015-04-27,540.1556997680664
1337,2015-04-28,540.4134994506836
1338,2015-04-29,540.6576998901368
1339,2015-04-30,540.7195999145508
1340,2015-05-01,540.9503994750977
1341,2015-05-04,541.1714999389649
1342,2015-05-05,541.2407998657227
1343,2015-05-06,541.3112002563477
1344,2015-05-07,541.4105001831055
1345,2015-05-08,541.6849002075195
1346,2015-05-11,541.9843002319336
1347,2015-05-12,542.39
1348,2015-05-13,542.7203997802734
1349,2015-05-14,543.0661999511718
1350,2015-05-15,543.3307000732422
1351,2015-05-18,543.4744000244141
1352,2015-05-19,543.5795001220703
1353,2015-05-20,543.7353002929688
1354,2015-05-21,543.8882000732422
1355,2015-05-22,544.0603002929688
1356,2015-05-26,544.179400024414
1357,2015-05-27,544.4153002929687
1358,2015-05-28,544.6616003417969
1359,2015-05-29,544.9202001953125
1360,2015-06-01,545.3459002685547
1361,2015-06-02,545.8339004516602
1362,2015-06-03,546.3177001953125
1363,2015-06-04,546.8274002075195
1364,2015-06-05,547.3521005249023
1365,2015-06-08,547.7689004516601
1366,2015-06-09,548.1312002563477
1367,2015-06-10,548.6170999145507
1368,2015-06-11,549.0128997802734
1369,2015-06-12,549.3881994628906
1370,2015-06-15,549.6142993164062
1371,2015-06-16,549.6899993896484
1372,2015-06-17,549.7364990234375
1373,2015-06-18,549.9310992431641
1374,2015-06-19,550.2943994140625
1375,2015-06-22,550.7668994140626
1376,2015-06-23,551.2684997558594
1377,2015-06-24,551.4786999511718
1378,2015-06-25,551.7361999511719
1379,2015-06-26,551.9338000488282
1380,2015-06-29,552.0853002929688
1381,2015-06-30,552.1873999023437
1382,2015-07-01,552.2815997314453
1383,2015-07-02,552.4621997070312
1384,2015-07-06,552.5167999267578
1385,2015-07-07,552.6371002197266
1386,2015-07-08,552.5940002441406
1387,2015-07-09,552.5289007568359
1388,2015-07-10,552.6399005126954
1389,2015-07-13,552.9307000732422
1390,2015-07-14,553.3079998779297
1391,2015-07-15,553.7296002197265
1392,2015-07-16,554.3974005126953
1393,2015-07-17,556.0071002197266
1394,2015-07-20,557.4622003173828
1395,2015-07-21,558.8228002929687
1396,2015-07-22,560.1475
1397,2015-07-23,561.144599609375
1398,2015-07-24,561.904400024414
1399,2015-07-27,562.7038000488282
1400,2015-07-28,563.4860998535156
1401,2015-07-29,564.3713995361328
1402,2015-07-30,565.2759997558594
1403,2015-07-31,566.2525
1404,2015-08-03,567.3427996826172
1405,2015-08-04,568.3439001464844
1406,2015-08-05,569.5467999267578
1407,2015-08-06,570.6319000244141
1408,2015-08-07,571.6997003173828
1409,2015-08-10,572.6695007324219
1410,2015-08-11,573.93580078125
1411,2015-08-12,575.2010003662109
1412,2015-08-13,576.4124005126953
1413,2015-08-14,577.5307006835938
1414,2015-08-17,578.8018005371093
1415,2015-08-18,580.0527001953125
1416,2015-08-19,581.4176000976563
1417,2015-08-20,582.6009997558593
1418,2015-08-21,583.4942999267578
1419,2015-08-24,584.1804998779297
1420,2015-08-25,584.892099609375
1421,2015-08-26,586.0499993896484
1422,2015-08-27,587.2809997558594
1423,2015-08-28,588.3894995117188
1424,2015-08-31,589.3874993896484
1425,2015-09-01,590.1976995849609
1426,2015-09-02,591.1603991699219
1427,2015-09-03,592.1330987548828
1428,2015-09-04,593.0122991943359
1429,2015-09-08,594.0158990478516
1430,2015-09-09,595.1225988769531
1431,2015-09-10,596.1880987548828
1432,2015-09-11,597.311898803711
1433,2015-09-14,598.3447985839844
1434,2015-09-15,599.4208984375
1435,2015-09-16,600.3394989013672
1436,2015-09-17,601.3949987792969
1437,2015-09-18,602.3604986572266
1438,2015-09-21,603.4163983154297
1439,2015-09-22,604.4606982421875
1440,2015-09-23,605.4819982910157
1441,2015-09-24,606.5026977539062
1442,2015-09-25,607.4737982177735
1443,2015-09-28,608.365498046875
1444,2015-09-29,609.1711981201172
1445,2015-09-30,610.0653979492188
1446,2015-10-01,611.02759765625
1447,2015-10-02,612.2101977539063
1448,2015-10-05,613.5320977783203
1449,2015-10-06,614.7564978027344
1450,2015-10-07,615.9915979003906
1451,2015-10-08,617.1948980712891
1452,2015-10-09,618.4144976806641
1453,2015-10-12,619.6536975097656
1454,2015-10-13,620.9172973632812
1455,2015-10-14,622.1761968994141
1456,2015-10-15,623.6344970703125
1457,2015-10-16,625.0451971435547
1458,2015-10-19,626.5028973388672
1459,2015-10-20,627.849697265625
1460,2015-10-21,629.0755969238281
1461,2015-10-22,630.3474969482422
1462,2015-10-23,631.9878973388672
1463,2015-10-26,633.782197265625
1464,2015-10-27,635.6150970458984
1465,2015-10-28,637.5494970703126
1466,2015-10-29,639.5763970947265
1467,2015-10-30,641.4242974853515
1468,2015-11-02,643.4012976074218
1469,2015-11-03,645.4147979736329
1470,2015-11-04,647.5378979492187
1471,2015-11-05,649.6958978271484
1472,2015-11-06,651.8458978271484
1473,2015-11-09,653.8317980957031
1474,2015-11-10,655.8391979980469
1475,2015-11-11,657.894898071289
1476,2015-11-12,659.8262982177735
1477,2015-11-13,661.6412982177734
1478,2015-11-16,663.5659979248047
1479,2015-11-17,665.4951977539063
1480,2015-11-18,667.6827978515626
1481,2015-11-19,669.8817980957032
1482,2015-11-20,672.2187982177734
1483,2015-11-23,674.5123980712891
1484,2015-11-24,676.7524981689453
1485,2015-11-25,678.9447979736328
1486,2015-11-27,681.2474975585938
1487,2015-11-30,683.4294970703126
1488,2015-12-01,685.7062969970704
1489,2015-12-02,687.7674969482422
1490,2015-12-03,689.6076971435547
1491,2015-12-04,691.5601971435547
1492,2015-12-07,693.2722967529297
1493,2015-12-08,694.0274969482422
1494,2015-12-09,694.7245965576171
1495,2015-12-10,695.3714965820312
1496,2015-12-11,695.9246966552735
1497,2015-12-14,696.8027966308593
1498,2015-12-15,697.8559967041016
1499,2015-12-16,699.0391967773437
1500,2015-12-17,700.1408972167969
1501,2015-12-18,701.0950970458985
1502,2015-12-21,702.0574969482421
1503,2015-12-22,703.1537969970703
1504,2015-12-23,704.1916973876953
1505,2015-12-24,705.2372973632813
1506,2015-12-28,706.3267974853516
1507,2015-12-29,707.5648974609375
1508,2015-12-30,708.8239971923828
1509,2015-12-31,709.9726971435547
1510,2016-01-04,710.6640972900391
1511,2016-01-05,711.3646978759766
1512,2016-01-06,712.0928979492187
1513,2016-01-07,712.6091979980469
1514,2016-01-08,712.9771978759766
1515,2016-01-11,713.4205981445313
1516,2016-01-12,713.9335986328125
1517,2016-01-13,714.3344989013672
1518,2016-01-14,715.2080987548828
1519,2016-01-15,716.1318988037109
1520,2016-01-19,717.1979992675781
1521,2016-01-20,717.7861993408203
1522,2016-01-21,718.3732989501954
1523,2016-01-22,719.2309991455078
1524,2016-01-25,720.0889990234375
1525,2016-01-26,721.131298828125
1526,2016-01-27,721.8579992675782
1527,2016-01-28,722.9704992675781
1528,2016-01-29,724.2943988037109
1529,2016-02-01,725.5632989501953
1530,2016-02-02,726.9382989501953
1531,2016-02-03,727.921298828125
1532,2016-02-04,728.6685992431641
1533,2016-02-05,729.181499633789
1534,2016-02-08,729.5723992919922
1535,2016-02-09,729.9273992919922
1536,2016-02-10,730.27919921875
1537,2016-02-11,730.733599243164
1538,2016-02-12,731.132699584961
1539,2016-02-16,731.777099609375
1540,2016-02-17,732.5638995361328
1541,2016-02-18,733.1898999023438
1542,2016-02-19,734.0094995117188
1543,2016-02-22,735.0574993896485
1544,2016-02-23,736.0042993164062
1545,2016-02-24,736.829599609375
1546,2016-02-25,737.7007995605469
1547,2016-02-26,738.3794995117188
1548,2016-02-29,738.8348992919922
1549,2016-03-01,739.5401989746093
1550,2016-03-02,740.2349987792969
1551,2016-03-03,740.8808990478516
1552,2016-03-04,741.470698852539
1553,2016-03-07,741.8343988037109
1554,2016-03-08,742.1379992675782
1555,2016-03-09,742.5879992675781
1556,2016-03-10,742.9794989013672
1557,2016-03-11,743.4749987792969
1558,2016-03-14,743.9778985595703
1559,2016-03-15,744.6835986328125
1560,2016-03-16,745.5391986083985
1561,2016-03-17,746.3125982666015
1562,2016-03-18,746.6733978271484
1563,2016-03-21,746.9837976074218
1564,2016-03-22,747.2560974121094
1565,2016-03-23,747.4624975585938
1566,2016-03-24,747.5623980712891
1567,2016-03-28,747.7212982177734
1568,2016-03-29,747.902798461914
1569,2016-03-30,748.0979986572265
1570,2016-03-31,748.1738989257813
1571,2016-04-01,748.2638989257813
1572,2016-04-04,748.2990991210937
1573,2016-04-05,748.3370989990234
1574,2016-04-06,748.4351989746094
1575,2016-04-07,748.3838989257813
1576,2016-04-08,748.4132983398438
1577,2016-04-11,748.587998046875
1578,2016-04-12,748.7269982910157
1579,2016-04-13,748.9862982177734
1580,2016-04-14,749.1400982666015
1581,2016-04-15,749.3406982421875
1582,2016-04-18,749.4474981689453
1583,2016-04-19,749.442998046875
1584,2016-04-20,749.4958978271484
1585,2016-04-21,749.6032977294922
1586,2016-04-22,749.2612982177734
1587,2016-04-25,749.0548986816407
1588,2016-04-26,748.470698852539
1589,2016-04-27,747.9067993164062
1590,2016-04-28,747.2753991699219
1591,2016-04-29,746.5620989990234
1592,2016-05-02,745.976298828125
1593,2016-05-03,745.3092987060547
1594,2016-05-04,744.7974987792969
1595,2016-05-05,744.34419921875
1596,2016-05-06,744.0917993164062
1597,2016-05-09,743.757699584961
1598,2016-05-10,743.5505993652343
1599,2016-05-11,743.0901989746094
1600,2016-05-12,742.6725988769531
1601,2016-05-13,742.3523992919922
1602,2016-05-16,742.0473992919922
1603,2016-05-17,741.5779992675781
1604,2016-05-18,741.1106994628906
1605,2016-05-19,740.6053991699218
1606,2016-05-20,740.0000994873047
1607,2016-05-23,739.2329992675782
1608,2016-05-24,738.6602996826172
1609,2016-05-25,738.2611993408203
1610,2016-05-26,738.036099243164
1611,2016-05-27,737.8967987060547
1612,2016-05-31,737.7919982910156
1613,2016-06-01,737.8665985107422
1614,2016-06-02,738.0001989746094
1615,2016-06-03,738.0280987548828
1616,2016-06-06,737.8752984619141
1617,2016-06-07,737.9904986572266
1618,2016-06-08,738.1058984375
1619,2016-06-09,738.4261987304687
1620,2016-06-10,738.5672985839843
1621,2016-06-13,738.7004986572266
1622,2016-06-14,738.766298828125
1623,2016-06-15,738.6335986328126
1624,2016-06-16,738.5398986816406
1625,2016-06-17,738.2444989013671
1626,2016-06-20,738.1299987792969
1627,2016-06-21,737.7357989501953
1628,2016-06-22,737.2269989013672
1629,2016-06-23,736.6679986572266
1630,2016-06-24,735.7108990478515
1631,2016-06-27,735.0284991455078
1632,2016-06-28,734.6407989501953
1633,2016-06-29,734.5550988769531
1634,2016-06-30,734.5487994384765
1635,2016-07-01,734.641099243164
1636,2016-07-05,734.6214996337891
1637,2016-07-06,734.6475994873047
1638,2016-07-07,734.6512994384766
1639,2016-07-08,734.6526995849609
1640,2016-07-11,734.605
1641,2016-07-12,734.755
1642,2016-07-13,734.8286999511719
1643,2016-07-14,734.8961999511719
1644,2016-07-15,735.0796002197266
1645,2016-07-18,735.4026000976562
1646,2016-07-19,735.6454998779296
1647,2016-07-20,735.9677001953125
1648,2016-07-21,736.3396002197265
1649,2016-07-22,736.5107006835938
1650,2016-07-25,736.6911010742188
1651,2016-07-26,736.9517010498047
1652,2016-07-27,737.2692010498047
1653,2016-07-28,737.7996014404297
1654,2016-07-29,738.5777014160157
1655,2016-08-01,739.3330017089844
1656,2016-08-02,740.0125018310547
1657,2016-08-03,740.5530017089844
1658,2016-08-04,741.0231018066406
1659,2016-08-05,741.5867016601562
1660,2016-08-08,742.0654016113281
1661,2016-08-09,742.5554016113281
1662,2016-08-10,743.0862017822266
1663,2016-08-11,743.5466021728515
1664,2016-08-12,744.0166021728515
1665,2016-08-15,744.5006024169921
1666,2016-08-16,744.9641021728515
1667,2016-08-17,745.4855017089844
1668,2016-08-18,745.8541015625
1669,2016-08-19,746.1672015380859
1670,2016-08-22,746.5077014160156
1671,2016-08-23,746.7769018554687
1672,2016-08-24,747.0617016601562
1673,2016-08-25,747.3890014648438
1674,2016-08-26,747.6405010986329
1675,2016-08-29,747.9975012207032
1676,2016-08-30,748.3220013427734
1677,2016-08-31,748.6451013183594
1678,2016-09-01,748.9159014892579
1679,2016-09-02,749.1655017089844
1680,2016-09-06,749.4918017578125
1681,2016-09-07,749.7717016601563
1682,2016-09-08,749.9233020019532
1683,2016-09-09,750.0456018066407
1684,2016-09-12,750.2846020507812
1685,2016-09-13,750.3718017578125
1686,2016-09-14,750.8987017822266
1687,2016-09-15,751.4889013671875
1688,2016-09-16,752.2149011230468
1689,2016-09-19,752.9542010498047
1690,2016-09-20,753.9014013671875
1691,2016-09-21,754.8729016113281
1692,2016-09-22,755.8883020019531
1693,2016-09-23,756.9535021972656
1694,2016-09-26,757.8663024902344
1695,2016-09-27,758.8265020751953
1696,2016-09-28,759.6753021240235
1697,2016-09-29,760.4104022216796
1698,2016-09-30,761.0572021484375
1699,2016-10-03,761.755502319336
1700,2016-10-04,762.5027020263672
1701,2016-10-05,763.2667016601563
1702,2016-10-06,763.994501953125
1703,2016-10-07,764.7997021484375
1704,2016-10-10,765.7236016845703
1705,2016-10-11,766.6662017822266
1706,2016-10-12,767.5668017578125
1707,2016-10-13,768.435101928711
1708,2016-10-14,769.1508013916016
1709,2016-10-17,769.8382019042969
1710,2016-10-18,770.6838018798828
1711,2016-10-19,771.4762023925781
1712,2016-10-20,772.2040026855469
1713,2016-10-21,772.9600024414062
1714,2016-10-24,773.8747021484374
1715,2016-10-25,774.8016021728515
1716,2016-10-26,775.722001953125
1717,2016-10-27,776.5846014404297
1718,2016-10-28,777.3509014892578
1719,2016-10-31,778.024701538086
1720,2016-11-01,778.7476013183593
1721,2016-11-02,779.3130010986329
1722,2016-11-03,779.8024011230468
1723,2016-11-04,780.2915008544921
1724,2016-11-07,781.0693011474609
1725,2016-11-08,782.1466009521484
1726,2016-11-09,783.141201171875
1727,2016-11-10,783.8553009033203
1728,2016-11-11,784.468101196289
1729,2016-11-14,784.8516009521485
1730,2016-11-15,785.7512005615234
1731,2016-11-16,786.7396002197265
1732,2016-11-17,787.6885998535156
1733,2016-11-18,788.4963995361328
1734,2016-11-21,789.3090991210937
1735,2016-11-22,790.0565991210938
1736,2016-11-23,790.7976989746094
1737,2016-11-25,791.5102990722656
1738,2016-11-28,792.2955987548828
1739,2016-11-29,793.0121984863281
1740,2016-11-30,793.4989984130859
1741,2016-12-01,793.8171984863282
1742,2016-12-02,794.1669989013672
1743,2016-12-05,794.5911987304687
1744,2016-12-06,794.9966986083984
1745,2016-12-07,795.3793981933594
1746,2016-12-08,795.7969982910156
1747,2016-12-09,796.3206982421875
1748,2016-12-12,796.8555987548829
1749,2016-12-13,797.4161987304688
1750,2016-12-14,798.0198986816406
1751,2016-12-15,798.5998986816406
1752,2016-12-16,799.078599243164
1753,2016-12-19,799.5451989746093
1754,2016-12-20,799.783798828125
1755,2016-12-21,799.8963989257812
1756,2016-12-22,799.9919989013672
1757,2016-12-23,800.0807989501953
1758,2016-12-27,800.2075988769532
1759,2016-12-28,800.1839990234375
1760,2016-12-29,800.1604992675781
1761,2016-12-30,800.0101995849609
1762,2017-01-03,800.0053997802735
1763,2017-01-04,800.0010998535156
1764,2017-01-05,800.0608001708985
1765,2017-01-06,800.2533001708985
1766,2017-01-09,800.5132000732422
1767,2017-01-10,800.7191003417969
1768,2017-01-11,800.9902001953125
1769,2017-01-12,801.2890002441407
1770,2017-01-13,801.6289001464844
1771,2017-01-17,801.9376000976563
1772,2017-01-18,802.2918005371093
1773,2017-01-19,802.6225006103516
1774,2017-01-20,802.9720007324219
1775,2017-01-23,803.4581005859375
1776,2017-01-24,804.0342010498047
1777,2017-01-25,804.7202014160156
1778,2017-01-26,805.3760009765625
1779,2017-01-27,805.8576013183593
1780,2017-01-30,806.0157012939453
1781,2017-01-31,806.1377014160156
1782,2017-02-01,806.2617010498047
1783,2017-02-02,806.5595013427734
1784,2017-02-03,806.7726013183594
1785,2017-02-06,807.1016015625
1786,2017-02-07,807.489301147461
1787,2017-02-08,807.7758013916016
1788,2017-02-09,808.0967016601562
1789,2017-02-10,808.4913012695313
1790,2017-02-13,808.8831011962891
1791,2017-02-14,809.2331011962891
1792,2017-02-15,809.446801147461
1793,2017-02-16,809.718900756836
1794,2017-02-17,810.157900390625
1795,2017-02-21,810.54330078125
1796,2017-02-22,810.9563006591796
1797,2017-02-23,811.4399005126953
1798,2017-02-24,811.8774005126953
1799,2017-02-27,812.3703002929688
1800,2017-02-28,812.7917004394532
1801,2017-03-01,813.3469006347656
1802,2017-03-02,813.8146002197266
1803,2017-03-03,814.2983001708984
1804,2017-03-06,814.6293005371094
1805,2017-03-07,815.0451007080078
1806,2017-03-08,815.4638006591797
1807,2017-03-09,816.0014007568359
1808,2017-03-10,816.5695007324218
1809,2017-03-13,817.1469006347656
1810,2017-03-14,817.5911004638672
1811,2017-03-15,818.0066003417969
1812,2017-03-16,818.4903002929688
1813,2017-03-17,818.9734002685547
1814,2017-03-20,819.2951000976562
1815,2017-03-21,819.511000366211
1816,2017-03-22,819.7880004882812
1817,2017-03-23,820.0110009765625
1818,2017-03-24,820.1668011474609
1819,2017-03-27,820.4529010009766
1820,2017-03-28,820.8044012451172
1821,2017-03-29,821.4189013671875
1822,2017-03-30,822.091801147461
1823,2017-03-31,822.7588012695312
1824,2017-04-03,823.3060009765625
1825,2017-04-04,823.7119012451171
1826,2017-04-05,824.1451007080078
1827,2017-04-06,824.7932006835938
1828,2017-04-07,825.4967004394531
1829,2017-04-10,826.3815008544922
1830,2017-04-11,827.028701171875
1831,2017-04-12,827.6435015869141
1832,2017-04-13,828.1837017822265
1833,2017-04-17,828.9753021240234
1834,2017-04-18,829.6672021484375
1835,2017-04-19,830.3823022460938
1836,2017-04-20,831.1931024169921
1837,2017-04-21,831.980302734375
1838,2017-04-24,832.9117028808594
1839,2017-04-25,833.905703125
1840,2017-04-26,835.0383032226563
1841,2017-04-27,836.3094030761719
1842,2017-04-28,837.9100030517578
1843,2017-05-01,839.4560034179688
1844,2017-05-02,841.0651037597656
1845,2017-05-03,842.6349041748047
1846,2017-05-04,844.2304040527343
1847,2017-05-05,845.6387042236328
1848,2017-05-08,847.1466040039063
1849,2017-05-09,848.5603039550781
1850,2017-05-10,849.9298040771484
1851,2017-05-11,851.3322039794922
1852,2017-05-12,852.7852038574218
1853,2017-05-15,854.2524035644532
1854,2017-05-16,855.7465032958985
1855,2017-05-17,857.0462030029297
1856,2017-05-18,858.4544030761718
1857,2017-05-19,859.9229034423828
1858,2017-05-22,861.4643035888672
1859,2017-05-23,863.1241033935547
1860,2017-05-24,864.8714031982422
1861,2017-05-25,866.8655029296875
1862,2017-05-26,868.7181030273438
1863,2017-05-30,870.6021026611328
1864,2017-05-31,872.342802734375
1865,2017-06-01,873.9736022949219
1866,2017-06-02,875.663002319336
1867,2017-06-05,877.4417022705078
1868,2017-06-06,879.10990234375
1869,2017-06-07,880.8296020507812
1870,2017-06-08,882.563002319336
1871,2017-06-09,883.9896020507813
1872,2017-06-12,885.3175018310546
1873,2017-06-13,886.7788018798828
1874,2017-06-14,888.1764019775391
1875,2017-06-15,889.3339019775391
1876,2017-06-16,890.4248016357421
1877,2017-06-19,891.5925012207031
1878,2017-06-20,892.7126013183594
1879,2017-06-21,894.0482012939453
1880,2017-06-22,895.5761010742187
1881,2017-06-23,897.2351013183594
1882,2017-06-26,898.8036016845704
1883,2017-06-27,900.1019018554688
1884,2017-06-28,901.5107019042969
1885,2017-06-29,902.6727020263672
1886,2017-06-30,903.6772021484375
1887,2017-07-03,904.573002319336
1888,2017-07-05,905.5950024414062
1889,2017-07-06,906.5234027099609
1890,2017-07-07,907.5419024658203
1891,2017-07-10,908.6516021728515
1892,2017-07-11,909.8137023925781
1893,2017-07-12,911.0686022949219
1894,2017-07-13,912.2916021728515
1895,2017-07-14,913.5680017089844
1896,2017-07-17,914.8140020751953
1897,2017-07-18,916.1735021972656
1898,2017-07-19,917.6231024169922
1899,2017-07-20,919.0483026123047
1900,2017-07-21,920.5374029541016
1901,2017-07-24,921.9530029296875
1902,2017-07-25,923.1448034667969
1903,2017-07-26,924.3071032714844
1904,2017-07-27,925.3595031738281
1905,2017-07-28,926.431303100586
1906,2017-07-31,927.3499029541016
1907,2017-08-01,928.2371026611328
1908,2017-08-02,929.0994030761718
1909,2017-08-03,929.8566027832031
1910,2017-08-04,930.6554028320312
1911,2017-08-07,931.4290026855468
1912,2017-08-08,932.170902709961
1913,2017-08-09,932.8480029296875
1914,2017-08-10,933.4048034667969
1915,2017-08-11,934.2043035888672
1916,2017-08-14,935.0956036376953
1917,2017-08-15,936.0799035644532
1918,2017-08-16,937.1712036132812
1919,2017-08-17,938.0627032470703
1920,2017-08-18,938.918203125
1921,2017-08-21,939.628203125
1922,2017-08-22,940.5374035644531
1923,2017-08-23,941.4852038574219
1924,2017-08-24,942.2866040039063
1925,2017-08-25,943.065903930664
1926,2017-08-28,943.8581042480469
1927,2017-08-29,944.7646044921875
1928,2017-08-30,945.7799047851563
1929,2017-08-31,946.9153045654297
1930,2017-09-01,948.0364044189453
1931,2017-09-05,949.0366040039063
1932,2017-09-06,950.0550042724609
1933,2017-09-07,951.0026043701172
1934,2017-09-08,951.8768041992188
1935,2017-09-11,952.7446038818359
1936,2017-09-12,953.6103039550782
1937,2017-09-13,954.5252038574218
1938,2017-09-14,955.1372039794921
1939,2017-09-15,955.601703491211
1940,2017-09-18,956.0078033447265
1941,2017-09-19,956.4620031738282
1942,2017-09-20,956.6922027587891
1943,2017-09-21,956.8395025634766
1944,2017-09-22,956.9012023925782
1945,2017-09-25,956.7595025634765
1946,2017-09-26,956.5866027832031
1947,2017-09-27,956.682802734375
1948,2017-09-28,956.7440026855469
1949,2017-09-29,956.9141021728516
1950,2017-10-02,957.0404016113281
1951,2017-10-03,957.2023016357422
1952,2017-10-04,957.3187017822265
1953,2017-10-05,957.5784020996093
1954,2017-10-06,957.8687023925781
1955,2017-10-09,958.3701025390625
1956,2017-10-10,958.7431024169922
1957,2017-10-11,959.2531024169922
1958,2017-10-12,959.6689025878907
1959,2017-10-13,960.0421026611328
1960,2017-10-16,960.3595025634766
1961,2017-10-17,960.550902709961
1962,2017-10-18,960.7456024169921
1963,2017-10-19,960.8023028564453
1964,2017-10-20,960.9821026611328
1965,2017-10-23,960.9546026611329
1966,2017-10-24,960.8783026123047
1967,2017-10-25,960.7541027832032
1968,2017-10-26,960.7015026855469
1969,2017-10-27,961.023203125
1970,2017-10-30,961.3117028808593
1971,2017-10-31,961.9409033203125
1972,2017-11-01,962.748803100586
1973,2017-11-02,963.4735028076171
1974,2017-11-03,964.2941027832031
1975,2017-11-06,965.1191033935547
1976,2017-11-07,966.0568035888672
1977,2017-11-08,966.8875042724609
1978,2017-11-09,967.6748040771485
1979,2017-11-10,968.3304040527344
1980,2017-11-13,968.9762036132812
1981,2017-11-14,969.5317034912109
1982,2017-11-15,970.1749035644531
1983,2017-11-16,971.1787030029296
1984,2017-11-17,971.9275030517579
1985,2017-11-20,972.8959033203125
1986,2017-11-21,974.1021038818359
1987,2017-11-22,975.4267041015624
1988,2017-11-24,976.6693041992188
1989,2017-11-27,978.1125042724609
1990,2017-11-28,979.3373046875
1991,2017-11-29,980.2011047363281
1992,2017-11-30,981.0275048828125
1993,2017-12-01,981.6016046142578
1994,2017-12-04,982.0318048095703
1995,2017-12-05,982.4587048339844
1996,2017-12-06,983.0263043212891
1997,2017-12-07,983.6025036621094
1998,2017-12-08,984.168603515625
1999,2017-12-11,984.7664031982422
2000,2017-12-12,985.315703125
2001,2017-12-13,985.8465032958984
2002,2017-12-14,986.7309027099609
2003,2017-12-15,987.797802734375
2004,2017-12-18,989.1236022949219
2005,2017-12-19,990.3381024169922
2006,2017-12-20,991.6187030029297
2007,2017-12-21,992.8616027832031
2008,2017-12-22,994.0738024902344
2009,2017-12-26,995.329302368164
2010,2017-12-27,996.4734020996094
2011,2017-12-28,997.5754016113282
2012,2017-12-29,998.6675018310547
2013,2018-01-02,999.9988012695312
2014,2018-01-03,1001.678101196289
2015,2018-01-04,1003.3348010253907
2016,2018-01-05,1005.0484014892578
2017,2018-01-08,1006.8097009277344
2018,2018-01-09,1008.4949011230469
2019,2018-01-10,1010.319701538086
2020,2018-01-11,1012.1784020996093
2021,2018-01-12,1014.2762023925782
2022,2018-01-16,1016.1792016601562
2023,2018-01-17,1018.1444012451171
2024,2018-01-18,1020.1352008056641
2025,2018-01-19,1022.2652008056641
2026,2018-01-22,1024.6255010986329
2027,2018-01-23,1027.0297015380859
2028,2018-01-24,1029.3063018798828
2029,2018-01-25,1031.5753021240234
2030,2018-01-26,1033.9310028076172
2031,2018-01-29,1036.3810028076173
2032,2018-01-30,1038.7345025634766
2033,2018-01-31,1041.0578021240235
2034,2018-02-01,1043.4596020507813
2035,2018-02-02,1045.2187017822266
2036,2018-02-05,1046.3761016845704
2037,2018-02-06,1047.7160021972657
2038,2018-02-07,1048.8688024902344
2039,2018-02-08,1049.5930029296876
2040,2018-02-09,1050.758203125
2041,2018-02-12,1051.9352038574218
2042,2018-02-13,1053.0012042236328
2043,2018-02-14,1054.252703857422
2044,2018-02-15,1055.7337036132812
2045,2018-02-16,1057.3459033203126
2046,2018-02-20,1059.0075030517578
2047,2018-02-21,1060.5460028076172
2048,2018-02-22,1061.996903076172
2049,2018-02-23,1063.5406030273436
2050,2018-02-26,1065.3029028320314
2051,2018-02-27,1066.7572027587892
2052,2018-02-28,1068.1286029052735
2053,2018-03-01,1068.9908032226563
2054,2018-03-02,1069.8958032226562
2055,2018-03-05,1070.9203033447266
2056,2018-03-06,1072.0513037109374
2057,2018-03-07,1073.1452038574218
2058,2018-03-08,1074.3825036621095
2059,2018-03-09,1075.9122033691406
2060,2018-03-12,1077.4780041503907
2061,2018-03-13,1078.7671044921874
2062,2018-03-14,1080.128604736328
2063,2018-03-15,1081.6163043212891
2064,2018-03-16,1082.9098046875
2065,2018-03-19,1084.055104370117
2066,2018-03-20,1085.1282049560548
2067,2018-03-21,1086.1536047363281
2068,2018-03-22,1086.7709051513673
2069,2018-03-23,1086.6997052001952
2070,2018-03-26,1086.9093048095704
2071,2018-03-27,1086.6483044433594
2072,2018-03-28,1086.2741046142578
2073,2018-03-29,1086.215805053711
2074,2018-04-02,1085.8422052001954
2075,2018-04-03,1085.6022045898437
2076,2018-04-04,1085.3754040527344
2077,2018-04-05,1085.1189038085938
2078,2018-04-06,1084.7412042236328
2079,2018-04-09,1084.5006042480468
2080,2018-04-10,1084.453604736328
2081,2018-04-11,1084.2878051757812
2082,2018-04-12,1084.2966052246093
2083,2018-04-13,1084.172305908203
2084,2018-04-16,1084.274405517578
2085,2018-04-17,1084.7214050292969
2086,2018-04-18,1084.9723046875
2087,2018-04-19,1085.3476037597657
2088,2018-04-20,1085.5556030273438
2089,2018-04-23,1085.573603515625
2090,2018-04-24,1085.1671032714844
2091,2018-04-25,1085.023203125
2092,2018-04-26,1085.0946032714844
2093,2018-04-27,1085.1584033203126
2094,2018-04-30,1085.225503540039
2095,2018-05-01,1085.4370037841798
2096,2018-05-02,1085.3703045654297
2097,2018-05-03,1085.1876055908203
2098,2018-05-04,1085.203805541992
2099,2018-05-07,1085.2787054443359
2100,2018-05-08,1085.3769049072266
2101,2018-05-09,1085.752504272461
2102,2018-05-10,1086.232504272461
2103,2018-05-11,1086.546304321289
2104,2018-05-14,1086.7614044189454
2105,2018-05-15,1086.8123040771484
2106,2018-05-16,1086.9176031494142
2107,2018-05-17,1087.021703491211
2108,2018-05-18,1087.0295037841797
2109,2018-05-21,1087.2111041259766
2110,2018-05-22,1087.3622052001954
2111,2018-05-23,1087.6623052978516
2112,2018-05-24,1087.9828045654297
2113,2018-05-25,1088.0915045166016
2114,2018-05-29,1087.8570037841796
2115,2018-05-30,1087.6741033935548
2116,2018-05-31,1087.5712030029297
2117,2018-06-01,1087.7791033935546
2118,2018-06-04,1088.1816033935547
2119,2018-06-05,1088.590403442383
2120,2018-06-06,1088.9394024658204
2121,2018-06-07,1088.977102661133
2122,2018-06-08,1088.9972027587892
2123,2018-06-11,1089.0152032470703
2124,2018-06-12,1089.1374029541016
2125,2018-06-13,1089.144702758789
2126,2018-06-14,1089.1042022705078
2127,2018-06-15,1088.9352020263673
2128,2018-06-18,1089.058101196289
2129,2018-06-19,1089.0236004638673
2130,2018-06-20,1088.9886993408204
2131,2018-06-21,1088.8182989501954
2132,2018-06-22,1088.7374993896485
2133,2018-06-25,1088.308099975586
2134,2018-06-26,1087.8184002685548
2135,2018-06-27,1087.7958001708985
2136,2018-06-28,1088.4397003173829
2137,2018-06-29,1088.887299194336
2138,2018-07-02,1089.7542987060547
2139,2018-07-03,1090.8399987792968
2140,2018-07-05,1091.7901989746094
2141,2018-07-06,1092.7953979492188
2142,2018-07-09,1093.9267980957031
2143,2018-07-10,1094.8711987304687
2144,2018-07-11,1095.6721984863282
2145,2018-07-12,1096.7297985839843
2146,2018-07-13,1097.7380993652343
2147,2018-07-16,1098.5656994628907
2148,2018-07-17,1099.597498779297
2149,2018-07-18,1100.4456994628906
2150,2018-07-19,1100.9996997070311
2151,2018-07-20,1101.803399658203
2152,2018-07-23,1102.87419921875
2153,2018-07-24,1104.7415991210937
2154,2018-07-25,1106.6595983886718
2155,2018-07-26,1108.5669982910156
2156,2018-07-27,1110.0868981933593
2157,2018-07-30,1111.2368981933594
2158,2018-07-31,1112.2152978515626
2159,2018-08-01,1112.9367980957031
2160,2018-08-02,1113.688797607422
2161,2018-08-03,1114.6712976074218
2162,2018-08-06,1115.5590979003907
2163,2018-08-07,1116.6113977050782
2164,2018-08-08,1117.8804968261718
2165,2018-08-09,1119.5243969726562
2166,2018-08-10,1121.0914965820311
2167,2018-08-13,1122.6378967285157
2168,2018-08-14,1124.6877966308593
2169,2018-08-15,1126.7444958496094
2170,2018-08-16,1128.4441967773437
2171,2018-08-17,1130.5332965087891
2172,2018-08-20,1132.70099609375
2173,2018-08-21,1134.5036962890624
2174,2018-08-22,1136.5948962402344
2175,2018-08-23,1138.6196966552734
2176,2018-08-24,1140.6900970458985
2177,2018-08-27,1142.9263970947266
2178,2018-08-28,1145.2854968261718
2179,2018-08-29,1147.7310968017578
2180,2018-08-30,1149.9104962158203
2181,2018-08-31,1151.9778961181642
2182,2018-09-04,1153.7180963134765
2183,2018-09-05,1155.348695678711
2184,2018-09-06,1156.7275958251953
2185,2018-09-07,1157.7098956298828
2186,2018-09-10,1158.706596069336
2187,2018-09-11,1159.711996459961
2188,2018-09-12,1160.6547967529298
2189,2018-09-13,1161.7380963134765
2190,2018-09-14,1163.2914959716798
2191,2018-09-17,1164.6598956298828
2192,2018-09-18,1165.897894897461
2193,2018-09-19,1167.3260955810547
2194,2018-09-20,1169.055994873047
2195,2018-09-21,1170.3696948242186
2196,2018-09-24,1171.904794921875
2197,2018-09-25,1173.5806945800782
2198,2018-09-26,1175.0112951660155
2199,2018-09-27,1176.4902954101562
2200,2018-09-28,1177.9751953125
2201,2018-10-01,1179.17099609375
2202,2018-10-02,1180.1926965332032
2203,2018-10-03,1181.2741967773438
2204,2018-10-04,1181.978896484375
2205,2018-10-05,1182.80849609375
2206,2018-10-08,1183.526796875
2207,2018-10-09,1184.1658972167968
2208,2018-10-10,1184.3910974121093
2209,2018-10-11,1184.4583972167968
2210,2018-10-12,1184.9106970214843
2211,2018-10-15,1185.075496826172
2212,2018-10-16,1185.551796875
2213,2018-10-17,1185.9868969726563
2214,2018-10-18,1186.2852978515625
2215,2018-10-19,1186.5623986816406
2216,2018-10-22,1186.6760986328125
2217,2018-10-23,1186.4751989746094
2218,2018-10-24,1185.5159985351563
2219,2018-10-25,1185.0416979980469
2220,2018-10-26,1184.4096984863281
2221,2018-10-29,1183.4127978515626
2222,2018-10-30,1182.5807983398438
2223,2018-10-31,1182.07759765625
2224,2018-11-01,1181.455498046875
2225,2018-11-02,1180.7280981445313
2226,2018-11-05,1179.684298095703
2227,2018-11-06,1178.7872973632811
2228,2018-11-07,1178.033897705078
2229,2018-11-08,1177.1932983398438
2230,2018-11-09,1176.1227990722657
2231,2018-11-12,1174.9219995117187
2232,2018-11-13,1173.708798828125
2233,2018-11-14,1172.861798095703
2234,2018-11-15,1172.2460986328124
2235,2018-11-16,1171.7593994140625
2236,2018-11-19,1170.7657995605468
2237,2018-11-20,1169.7783996582032
2238,2018-11-21,1168.7916003417968
2239,2018-11-23,1167.9297998046875
2240,2018-11-26,1167.076298828125
2241,2018-11-27,1166.0482995605469
2242,2018-11-28,1165.293399658203
2243,2018-11-29,1164.5677990722656
2244,2018-11-30,1163.9496997070312
2245,2018-12-03,1163.1006994628906
2246,2018-12-04,1161.6811987304689
2247,2018-12-06,1160.4968981933594
2248,2018-12-07,1158.8318981933594
2249,2018-12-10,1157.2345983886719
2250,2018-12-11,1155.860098876953
2251,2018-12-12,1154.6185986328126
2252,2018-12-13,1153.2439990234375
2253,2018-12-14,1151.1795983886718
2254,2018-12-17,1148.67669921875
2255,2018-12-18,1146.2557995605468
2256,2018-12-19,1144.0814990234376
2257,2018-12-20,1142.016898803711
2258,2018-12-21,1139.6571990966797
2259,2018-12-24,1137.1739990234375
2260,2018-12-26,1135.2411987304688
2261,2018-12-27,1133.3885986328125
2262,2018-12-28,1131.4786987304688
2263,2018-12-31,1129.3698986816407
2264,2019-01-02,1127.303399658203
2265,2019-01-03,1124.9134997558594
2266,2019-01-04,1123.1690991210937
2267,2019-01-07,1121.4418994140624
2268,2019-01-08,1119.71419921875
2269,2019-01-09,1118.2084997558593
2270,2019-01-10,1116.7561987304687
2271,2019-01-11,1115.2423986816407
2272,2019-01-14,1113.537999267578
2273,2019-01-15,1112.2289990234376
2274,2019-01-16,1110.9065991210937
2275,2019-01-17,1109.6861987304687
2276,2019-01-18,1108.39169921875
2277,2019-01-22,1106.6152990722655
2278,2019-01-23,1105.000799560547
2279,2019-01-24,1103.1942993164062
2280,2019-01-25,1101.665
2281,2019-01-28,1100.1455993652344
2282,2019-01-29,1098.7330993652345
2283,2019-01-30,1097.7219995117186
2284,2019-01-31,1097.1409997558594
2285,2019-02-01,1096.5513000488281
2286,2019-02-04,1096.2148999023439
2287,2019-02-05,1095.8336999511719
2288,2019-02-06,1095.3466003417968
2289,2019-02-07,1094.5843005371094
2290,2019-02-08,1093.82830078125
2291,2019-02-11,1093.251201171875
2292,2019-02-12,1092.8559008789061
2293,2019-02-13,1092.399500732422
2294,2019-02-14,1091.77580078125
2295,2019-02-15,1091.2509008789064
2296,2019-02-19,1090.720400390625
2297,2019-02-20,1089.9873999023437
2298,2019-02-21,1089.0888989257812
2299,2019-02-22,1088.180899658203
2300,2019-02-25,1087.283399658203
2301,2019-02-26,1086.4181994628907
2302,2019-02-27,1085.5706994628906
2303,2019-02-28,1084.720899658203
2304,2019-03-01,1084.435400390625
2305,2019-03-04,1084.2913012695312
2306,2019-03-05,1084.4240002441406
2307,2019-03-06,1084.62169921875
2308,2019-03-07,1085.2085986328125
2309,2019-03-08,1085.8008984375
2310,2019-03-11,1086.3880981445313
2311,2019-03-12,1087.3361987304688
2312,2019-03-13,1087.9959997558594
2313,2019-03-14,1088.645400390625
2314,2019-03-15,1089.5693005371095
2315,2019-03-18,1090.4030004882814
2316,2019-03-19,1091.3139001464845
2317,2019-03-20,1092.4291003417968
2318,2019-03-21,1094.219200439453
2319,2019-03-22,1095.2598010253905
2320,2019-03-25,1096.3961010742187
2321,2019-03-26,1097.9472009277345
2322,2019-03-27,1099.2322009277343
2323,2019-03-28,1100.0491015625
2324,2019-03-29,1100.9582019042969
2325,2019-04-01,1102.2331018066407
2326,2019-04-02,1103.731202392578
2327,2019-04-03,1105.143603515625
2328,2019-04-04,1106.255703125
2329,2019-04-05,1107.4239025878906
2330,2019-04-08,1108.7365026855468
2331,2019-04-09,1110.2698022460938
2332,2019-04-10,1111.8546020507813
2333,2019-04-11,1113.4047021484375
2334,2019-04-12,1114.9215014648437
2335,2019-04-15,1116.5041015625
2336,2019-04-16,1118.5490014648437
2337,2019-04-17,1120.6459020996094
2338,2019-04-18,1122.6263012695313
2339,2019-04-22,1124.8629016113282
2340,2019-04-23,1127.0094018554687
2341,2019-04-24,1129.0871020507811
2342,2019-04-25,1130.8426013183594
2343,2019-04-26,1132.6710021972656
2344,2019-04-29,1134.5365014648437
2345,2019-04-30,1135.362501220703
2346,2019-05-01,1136.4710009765624
2347,2019-05-02,1137.355301513672
2348,2019-05-03,1138.7850024414063
2349,2019-05-06,1140.187801513672
2350,2019-05-07,1141.359901123047
2351,2019-05-08,1142.3304016113282
2352,2019-05-09,1143.2747009277343
2353,2019-05-10,1144.4340014648437
2354,2019-05-13,1145.5434008789061
2355,2019-05-14,1146.357900390625
2356,2019-05-15,1147.7113012695313
2357,2019-05-16,1149.3205010986328
2358,2019-05-17,1151.0958013916015
2359,2019-05-20,1152.6957019042968
2360,2019-05-21,1153.7616015625
2361,2019-05-22,1154.7911010742187
2362,2019-05-23,1155.7777001953125
2363,2019-05-24,1156.7142004394532
2364,2019-05-28,1157.5630004882812
2365,2019-05-29,1158.5077001953125
2366,2019-05-30,1158.9411010742188
2367,2019-05-31,1159.2469006347656
2368,2019-06-03,1158.7806005859375
2369,2019-06-04,1158.5090002441407
2370,2019-06-05,1158.1671008300782
2371,2019-06-06,1158.000001220703
2372,2019-06-07,1158.1686010742187
2373,2019-06-10,1158.1311010742188
2374,2019-06-11,1158.0464013671874
2375,2019-06-12,1157.846201171875
2376,2019-06-13,1157.68330078125
2377,2019-06-14,1157.760001220703
2378,2019-06-17,1157.8548010253905
2379,2019-06-18,1158.0672009277343
2380,2019-06-19,1158.0972009277343
2381,2019-06-20,1158.4306005859376
2382,2019-06-21,1158.983699951172
2383,2019-06-24,1159.1707995605468
2384,2019-06-25,1158.7876989746094
2385,2019-06-26,1158.404698486328
2386,2019-06-27,1157.756798095703
2387,2019-06-28,1157.0660986328126
2388,2019-07-01,1156.8371984863281
2389,2019-07-02,1156.9040979003905
2390,2019-07-03,1157.1101977539063
2391,2019-07-05,1157.4156982421875
2392,2019-07-08,1157.3077990722657
2393,2019-07-09,1157.2643994140626
2394,2019-07-10,1157.3815002441406
2395,2019-07-11,1157.6259997558593
2396,2019-07-12,1157.8142993164063
2397,2019-07-15,1158.1134997558593
2398,2019-07-16,1158.6059997558593
2399,2019-07-17,1158.9077990722656
2400,2019-07-18,1159.2068994140625
2401,2019-07-19,1159.3022998046874
2402,2019-07-22,1159.465499267578
2403,2019-07-23,1159.6804992675782
2404,2019-07-24,1159.5925988769532
2405,2019-07-25,1159.4177978515625
2406,2019-07-26,1160.1780981445313
2407,2019-07-29,1160.947098388672
2408,2019-07-30,1161.7185986328125
2409,2019-07-31,1162.4008984375
2410,2019-08-01,1162.7260986328124
2411,2019-08-02,1162.716798095703
2412,2019-08-05,1162.2736975097657
2413,2019-08-06,1162.0591967773437
2414,2019-08-07,1161.9152966308593
2415,2019-08-08,1162.0916955566406
2416,2019-08-09,1161.9560961914062
2417,2019-08-12,1161.436795654297
2418,2019-08-13,1161.0427954101563
2419,2019-08-14,1160.6087951660156
2420,2019-08-15,1160.3281945800782
2421,2019-08-16,1160.22189453125
2422,2019-08-19,1160.4461938476563
2423,2019-08-20,1160.5587939453126
2424,2019-08-21,1160.705693359375
2425,2019-08-22,1160.63109375
2426,2019-08-23,1160.1114929199218
2427,2019-08-26,1159.7151928710937
2428,2019-08-27,1159.2288928222656
2429,2019-08-28,1158.851893310547
2430,2019-08-29,1158.711492919922
2431,2019-08-30,1158.5898937988281
2432,2019-09-03,1158.2208947753907
2433,2019-09-04,1157.9476953125
2434,2019-09-05,1157.842294921875
2435,2019-09-06,1157.640194091797
2436,2019-09-09,1157.3737939453124
2437,2019-09-10,1157.0293933105468
2438,2019-09-11,1156.8146936035157
2439,2019-09-12,1156.6267932128906
2440,2019-09-13,1156.3211938476563
2441,2019-09-16,1156.0369934082032
2442,2019-09-17,1155.6623937988281
2443,2019-09-18,1155.2146936035156
2444,2019-09-19,1154.640194091797
2445,2019-09-20,1154.948994140625
2446,2019-09-23,1155.5626940917969
2447,2019-09-24,1156.0808935546875
2448,2019-09-25,1156.6447924804688
2449,2019-09-26,1157.1330932617188
2450,2019-09-27,1157.603992919922
2451,2019-09-30,1158.1075927734375
2452,2019-10-01,1158.4878930664063
2453,2019-10-02,1158.590693359375
2454,2019-10-03,1159.1190942382811
2455,2019-10-04,1159.9800939941406
2456,2019-10-07,1160.3545935058594
2457,2019-10-08,1160.4108935546874
2458,2019-10-09,1160.7470935058593
2459,2019-10-10,1161.3951928710937
2460,2019-10-11,1162.0078930664063
2461,2019-10-14,1162.6270935058594
2462,2019-10-15,1163.59609375
2463,2019-10-16,1164.6399938964844
2464,2019-10-17,1165.772393798828
2465,2019-10-18,1167.0170947265624
2466,2019-10-21,1168.2457946777345
2467,2019-10-22,1169.5927941894531
2468,2019-10-23,1171.7816943359376
2469,2019-10-24,1173.8278942871093
2470,2019-10-25,1176.0244946289063
2471,2019-10-28,1178.4366943359375
2472,2019-10-29,1180.3595947265626
2473,2019-10-30,1182.138994140625
2474,2019-10-31,1183.9165942382813
2475,2019-11-01,1185.8480944824219
2476,2019-11-04,1187.8340942382813
2477,2019-11-05,1189.8854931640626
2478,2019-11-06,1191.8566931152343
2479,2019-11-07,1193.873692626953
2480,2019-11-08,1195.9185925292968
2481,2019-11-11,1197.7693933105468
2482,2019-11-12,1199.48779296875
2483,2019-11-13,1201.2825939941406
2484,2019-11-14,1203.4982946777343
2485,2019-11-15,1206.0304956054688
2486,2019-11-18,1208.4625952148438
2487,2019-11-19,1210.7604943847657
2488,2019-11-20,1212.7790942382812
2489,2019-11-21,1214.6544946289061
2490,2019-11-22,1216.3612951660157
2491,2019-11-25,1218.0909948730468
2492,2019-11-26,1220.0530944824218
2493,2019-11-27,1221.931494140625
2494,2019-11-29,1223.5632934570312
2495,2019-12-02,1225.01109375
2496,2019-12-03,1226.5050939941407
2497,2019-12-04,1228.1893933105468
2498,2019-12-05,1229.924393310547
2499,2019-12-06,1231.8508935546874
2500,2019-12-09,1233.8083935546874
2501,2019-12-10,1235.9217932128906
2502,2019-12-11,1237.9721936035157
2503,2019-12-12,1239.9765930175781
2504,2019-12-13,1242.0479931640625
2505,2019-12-16,1244.2955932617188
2506,2019-12-17,1245.3922937011719
2507,2019-12-18,1246.4929943847656
2508,2019-12-19,1247.7773937988281
2509,2019-12-20,1249.1075939941406
2510,2019-12-23,1250.49609375
2511,2019-12-24,1251.9771948242187
2512,2019-12-26,1254.05439453125
2513,2019-12-27,1255.8899951171875
2514,2019-12-30,1257.5279943847656
2515,2019-12-31,1258.8599951171875
2516,2020-01-02,1260.6577954101563
2517,2020-01-03,1262.5279956054687
2518,2020-01-06,1264.5387963867188
2519,2020-01-07,1266.8473962402343
2520,2020-01-08,1269.2045971679688
2521,2020-01-09,1271.6103979492189
2522,2020-01-10,1273.8955981445313
2523,2020-01-13,1276.4605981445313
2524,2020-01-14,1278.8506982421875
2525,2020-01-15,1281.3274975585937
2526,2020-01-16,1284.2932983398437
2527,2020-01-17,1287.376697998047
2528,2020-01-21,1290.4909985351562
2529,2020-01-22,1293.592198486328
2530,2020-01-23,1296.4966979980468
2531,2020-01-24,1299.2530981445314
2532,2020-01-27,1301.8748974609375
2533,2020-01-28,1304.557197265625
2534,2020-01-29,1307.0022973632813
2535,2020-01-30,1309.4815979003906
2536,2020-01-31,1311.7566979980468
2537,2020-02-03,1314.5256982421874
2538,2020-02-04,1316.7797985839843
2539,2020-02-05,1318.8905993652343
2540,2020-02-06,1321.249998779297
2541,2020-02-07,1323.7247985839845
2542,2020-02-10,1326.5125988769532
2543,2020-02-11,1329.28669921875
2544,2020-02-12,1332.0854992675781
2545,2020-02-13,1334.9209997558594
2546,2020-02-14,1337.7614001464844
2547,2020-02-18,1340.7725
2548,2020-02-19,1343.5618005371093
2549,2020-02-20,1346.308800048828
2550,2020-02-21,1348.8839001464844
2551,2020-02-24,1350.8710998535157
2552,2020-02-25,1352.6742993164062
2553,2020-02-26,1354.7997985839843
2554,2020-02-27,1356.0549975585936
2555,2020-02-28,1357.3378979492188
2556,2020-03-02,1359.1185974121095
2557,2020-03-03,1360.5944970703124
2558,2020-03-04,1362.3864965820312
2559,2020-03-05,1363.4393969726561
2560,2020-03-06,1364.239697265625
2561,2020-03-09,1364.2198974609375
2562,2020-03-10,1364.5491979980468
2563,2020-03-11,1364.2281982421875
2564,2020-03-12,1362.8156982421874
2565,2020-03-13,1362.5142980957032
2566,2020-03-16,1360.8014978027343
2567,2020-03-17,1359.5700988769531
2568,2020-03-18,1357.9056982421876
2569,2020-03-19,1356.431298828125
2570,2020-03-20,1354.4703979492188
2571,2020-03-23,1352.1218981933594
2572,2020-03-24,1350.8153979492188
2573,2020-03-25,1349.224598388672
2574,2020-03-26,1348.2657983398437
2575,2020-03-27,1346.6458984375
2576,2020-03-30,1345.212899169922
2577,2020-03-31,1343.9179992675781
2578,2020-04-01,1342.0288989257813
2579,2020-04-02,1340.1297998046875
2580,2020-04-03,1337.9667993164062
2581,2020-04-06,1336.8158984375
2582,2020-04-07,1335.6693994140626
2583,2020-04-08,1334.777598876953
2584,2020-04-09,1333.7517980957032
2585,2020-04-13,1332.520498046875
2586,2020-04-14,1331.9743981933593
2587,2020-04-15,1331.4214990234375
2588,2020-04-16,1330.9771997070313
2589,2020-04-17,1330.7657995605468
2590,2020-04-20,1330.4405993652344
2591,2020-04-21,1329.5057995605468
2592,2020-04-22,1328.9598999023438
2593,2020-04-23,1328.5503002929688
2594,2020-04-24,1328.275400390625
2595,2020-04-27,1328.095400390625
2596,2020-04-28,1327.4739001464843
2597,2020-04-29,1327.7063012695312
2598,2020-04-30,1327.903701171875
2599,2020-05-01,1327.6830004882813
2600,2020-05-04,1327.482100830078
2601,2020-05-05,1327.5434008789061
2602,2020-05-06,1327.5552014160157
2603,2020-05-07,1327.7631018066406
2604,2020-05-08,1328.1378015136718
2605,2020-05-11,1328.5667016601562
2606,2020-05-12,1328.7696020507813
2607,2020-05-13,1328.7338012695313
2608,2020-05-14,1328.7380017089845
2609,2020-05-15,1328.9564025878906
2610,2020-05-18,1329.3019030761718
2611,2020-05-19,1329.6016027832031
2612,2020-05-20,1330.0685034179687
2613,2020-05-21,1330.5896032714843
2614,2020-05-22,1331.324903564453
2615,2020-05-26,1332.1447033691406
2616,2020-05-27,1332.660703125
2617,2020-05-28,1333.2279028320313
2618,2020-05-29,1333.5850024414062
2619,2020-06-01,1333.9826025390626
2620,2020-06-02,1334.355302734375
2621,2020-06-03,1334.54990234375
2622,2020-06-04,1334.4033032226562
2623,2020-06-05,1334.403203125
2624,2020-06-08,1334.577703857422
2625,2020-06-09,1334.70650390625
2626,2020-06-10,1334.8519030761718
2627,2020-06-11,1334.075703125
2628,2020-06-12,1333.3824035644532
2629,2020-06-15,1332.751103515625
2630,2020-06-16,1332.3689038085938
2631,2020-06-17,1332.2326037597657
2632,2020-06-18,1332.25650390625
2633,2020-06-19,1331.9979040527344
2634,2020-06-22,1331.9375048828124
2635,2020-06-23,1332.0348046875
2636,2020-06-24,1332.03400390625
2637,2020-06-25,1331.61900390625
2638,2020-06-26,1330.7903039550781
2639,2020-06-29,1330.30150390625
2640,2020-06-30,1329.7223046875
2641,2020-07-01,1329.3512048339844
2642,2020-07-02,1328.963905029297
2643,2020-07-06,1328.8598046875
2644,2020-07-07,1328.572705078125
2645,2020-07-08,1328.4748046875
2646,2020-07-09,1328.4741052246093
2647,2020-07-10,1328.6698059082032
2648,2020-07-13,1328.5434057617188
2649,2020-07-14,1328.5821057128906
2650,2020-07-15,1328.9163061523439
2651,2020-07-16,1329.8669067382812
2652,2020-07-17,1331.17220703125
2653,2020-07-20,1332.9059069824218
2654,2020-07-21,1335.3156079101564
2655,2020-07-22,1337.5716076660156
2656,2020-07-23,1338.875908203125
2657,2020-07-24,1340.5808081054688
2658,2020-07-27,1342.0591088867188
2659,2020-07-28,1343.948009033203
2660,2020-07-29,1346.2257092285156
2661,2020-07-30,1349.4515087890625
2662,2020-07-31,1351.579307861328
2663,2020-08-03,1354.2979077148439
2664,2020-08-04,1357.9154077148437
2665,2020-08-05,1360.5636071777344
2666,2020-08-06,1364.8831066894531
2667,2020-08-07,1368.6862060546875
2668,2020-08-10,1372.7425061035156
2669,2020-08-11,1376.4312060546874
2670,2020-08-12,1380.8215063476562
2671,2020-08-13,1385.4467065429687
2672,2020-08-14,1389.1929064941405
2673,2020-08-17,1393.3391064453126
2674,2020-08-18,1397.2677062988282
2675,2020-08-19,1401.6112060546875
2676,2020-08-20,1405.91060546875
2677,2020-08-21,1410.0468054199218
2678,2020-08-24,1414.8773059082032
2679,2020-08-25,1419.7655053710937
2680,2020-08-26,1425.2798059082031
2681,2020-08-27,1429.733106689453
2682,2020-08-28,1434.301806640625
2683,2020-08-31,1438.5271069335938
2684,2020-09-01,1443.01220703125
2685,2020-09-02,1448.0820068359376
2686,2020-09-03,1451.7248071289061
2687,2020-09-04,1454.96390625
2688,2020-09-08,1457.62560546875
2689,2020-09-09,1460.3079052734374
2690,2020-09-10,1462.9569055175782
2691,2020-09-11,1465.9929052734376
2692,2020-09-14,1468.4971044921874
2693,2020-09-15,1471.1366040039063
2694,2020-09-16,1473.49150390625
2695,2020-09-17,1475.6533044433593
2696,2020-09-18,1477.8383044433594
