,Date,TSLA
0,2010-06-29,4.7779998779296875
1,2010-06-30,4.771999835968018
2,2010-07-01,4.645333290100098
3,2010-07-02,4.443999946117401
4,2010-07-06,4.199599933624268
5,2010-07-07,4.026333292325337
6,2010-07-08,3.949999979564122
7,2010-07-09,3.8912499845027924
8,2010-07-12,3.837777773539225
9,2010-07-13,3.8167999982833862
10,2010-07-14,3.8305454470894555
11,2010-07-15,3.842833320299784
12,2010-07-16,3.8647692020122824
13,2010-07-19,3.901714256831578
14,2010-07-20,3.9122666358947753
15,2010-07-21,3.9204999804496765
16,2010-07-22,3.936941146850586
17,2010-07-23,3.9547777440812855
18,2010-07-26,3.9671578658254525
19,2010-07-27,3.9742999792099
20,2010-07-28,3.9823809351239885
21,2010-07-29,3.9863636276938696
22,2010-07-30,3.9864347706670347
23,2010-08-02,3.994666655858358
24,2010-08-03,4.010479984283447
25,2010-08-04,4.019769210081834
26,2010-08-05,4.022370356100577
27,2010-08-06,4.018642842769623
28,2010-08-09,4.015241368063565
29,2010-08-10,4.008266655604045
30,2010-08-11,3.9944515997363674
31,2010-08-12,3.9796249866485596
32,2010-08-13,3.970060594154127
33,2010-08-16,3.963764695560231
34,2010-08-17,3.959942844935826
35,2010-08-18,3.9542222089237637
36,2010-08-19,3.94891890319618
37,2010-08-20,3.9455262987237227
38,2010-08-23,3.9475897275484524
39,2010-08-24,3.944899982213974
40,2010-08-25,3.945756080673962
41,2010-08-26,3.945857127507528
42,2010-08-27,3.945720916570619
43,2010-08-30,3.94636362249201
44,2010-08-31,3.9452444288465713
45,2010-09-01,3.948391292406165
46,2010-09-02,3.953999986039831
47,2010-09-03,3.95933332045873
48,2010-09-07,3.9623673302786693
49,2010-09-08,3.9667199802398683
50,2010-09-09,3.970156847261915
51,2010-09-10,3.971384598658635
52,2010-09-13,3.9746414940312222
53,2010-09-14,3.9792592437179
54,2010-09-15,3.9868363467129795
55,2010-09-16,3.990428558417729
56,2010-09-17,3.991403496056272
57,2010-09-20,3.995206882213724
58,2010-09-21,3.9978982876923124
59,2010-09-22,3.9974999825159707
60,2010-09-23,3.9960983424890237
61,2010-09-24,3.9964838527864024
62,2010-09-27,3.998222203481765
63,2010-09-28,4.002624984830618
64,2010-09-29,4.008676906732412
65,2010-09-30,4.009787859338703
66,2010-10-01,4.011432814953932
67,2010-10-04,4.014176449354957
68,2010-10-05,4.017217370047086
69,2010-10-06,4.018285693441118
70,2010-10-07,4.019239415585155
71,2010-10-08,4.020166645447413
72,2010-10-11,4.0205479223434235
73,2010-10-12,4.020918894458461
74,2010-10-13,4.022079973220825
75,2010-10-14,4.023763132722754
76,2010-10-15,4.02485711543591
77,2010-10-18,4.025128178107432
78,2010-10-19,4.02493668507926
79,2010-10-20,4.026249977946281
80,2010-10-21,4.027777757173703
81,2010-10-22,4.0291951022497035
82,2010-10-25,4.030891547720116
83,2010-10-26,4.0337618844849725
84,2010-10-27,4.035717624776503
85,2010-10-28,4.038069744442785
86,2010-10-29,4.041862046581575
87,2010-11-01,4.04459088769826
88,2010-11-02,4.046898855252213
89,2010-11-03,4.050311091211107
90,2010-11-04,4.060527453055749
91,2010-11-05,4.069521719994753
92,2010-11-08,4.079483850027925
93,2010-11-09,4.088489342243113
94,2010-11-10,4.107263140929373
95,2010-11-11,4.122895814478397
96,2010-11-12,4.141917506444085
97,2010-11-15,4.1625101833927385
98,2010-11-16,4.180404020078255
99,2010-11-17,4.197579977512359
100,2010-11-18,4.209579980373382
101,2010-11-19,4.223899981975555
102,2010-11-22,4.246779978275299
103,2010-11-23,4.277519979476929
104,2010-11-24,4.31623997926712
105,2010-11-26,4.35527997970581
106,2010-11-29,4.389019980430603
107,2010-11-30,4.4248799800872805
108,2010-12-01,4.459479978084564
109,2010-12-02,4.487899975776672
110,2010-12-03,4.511199975013733
111,2010-12-06,4.5320399737358095
112,2010-12-07,4.553879973888397
113,2010-12-08,4.574799973964691
114,2010-12-09,4.598299973011017
115,2010-12-10,4.620899970531464
116,2010-12-13,4.639999973773956
117,2010-12-14,4.654479973316192
118,2010-12-15,4.671779973506927
119,2010-12-16,4.692299973964691
120,2010-12-17,4.713579971790313
121,2010-12-20,4.736279971599579
122,2010-12-21,4.760919973850251
123,2010-12-22,4.784339973926544
124,2010-12-23,4.800619976520538
125,2010-12-27,4.8091999793052675
126,2010-12-28,4.821119978427887
127,2010-12-29,4.837399978637695
128,2010-12-30,4.851199979782105
129,2010-12-31,4.8663999819755555
130,2011-01-03,4.883839981555939
131,2011-01-04,4.901979982852936
132,2011-01-05,4.9189999842643735
133,2011-01-06,4.937199985980987
134,2011-01-07,4.955379984378815
135,2011-01-10,4.9747399854660035
136,2011-01-11,4.991079988479615
137,2011-01-12,5.006799991130829
138,2011-01-13,5.018979990482331
139,2011-01-14,5.032079992294311
140,2011-01-18,5.043559989929199
141,2011-01-19,5.052119991779327
142,2011-01-20,5.057959992885589
143,2011-01-21,5.064299991130829
144,2011-01-24,5.074319989681244
145,2011-01-25,5.082779986858368
146,2011-01-26,5.090159986019135
147,2011-01-27,5.097899987697601
148,2011-01-28,5.104839990139007
149,2011-01-31,5.1112399935722355
150,2011-02-01,5.117639992237091
151,2011-02-02,5.1251799941062925
152,2011-02-03,5.130999991893768
153,2011-02-04,5.1356799912452695
154,2011-02-07,5.1378599905967715
155,2011-02-08,5.144959986209869
156,2011-02-09,5.150919988155365
157,2011-02-10,5.155239989757538
158,2011-02-11,5.1601999926567075
159,2011-02-14,5.16661999464035
160,2011-02-15,5.173179993629455
161,2011-02-16,5.182439994812012
162,2011-02-17,5.188579993247986
163,2011-02-18,5.192139992713928
164,2011-02-22,5.191919994354248
165,2011-02-23,5.194759998321533
166,2011-02-24,5.198619999885559
167,2011-02-25,5.203860001564026
168,2011-02-28,5.209400000572205
169,2011-03-01,5.216360001564026
170,2011-03-02,5.223540000915527
171,2011-03-03,5.231400003433228
172,2011-03-04,5.240820002555847
173,2011-03-07,5.250220003128052
174,2011-03-08,5.258460006713867
175,2011-03-09,5.266400003433228
176,2011-03-10,5.273340005874633
177,2011-03-11,5.281020007133484
178,2011-03-14,5.28742000579834
179,2011-03-15,5.2920200061798095
180,2011-03-16,5.296160006523133
181,2011-03-17,5.300340003967285
182,2011-03-18,5.304560003280639
183,2011-03-21,5.307300004959107
184,2011-03-22,5.309680008888245
185,2011-03-23,5.311720008850098
186,2011-03-24,5.312700009346008
187,2011-03-25,5.3153800106048585
188,2011-03-28,5.319380011558533
189,2011-03-29,5.323680009841919
190,2011-03-30,5.321300010681153
191,2011-03-31,5.32792001247406
192,2011-04-01,5.331280012130737
193,2011-04-04,5.333680009841919
194,2011-04-05,5.32836000919342
195,2011-04-06,5.325260009765625
196,2011-04-07,5.32006000995636
197,2011-04-08,5.3114400100708
198,2011-04-11,5.302640008926391
199,2011-04-12,5.29296000957489
200,2011-04-13,5.283040008544922
201,2011-04-14,5.2713400077819825
202,2011-04-15,5.2557000112533565
203,2011-04-18,5.236620011329651
204,2011-04-19,5.21600001335144
205,2011-04-20,5.196860013008117
206,2011-04-21,5.181680011749267
207,2011-04-25,5.163800010681152
208,2011-04-26,5.148960013389587
209,2011-04-27,5.138420014381409
210,2011-04-28,5.130760016441346
211,2011-04-29,5.1253400182724
212,2011-05-02,5.117120018005371
213,2011-05-03,5.106120018959046
214,2011-05-04,5.0954000186920165
215,2011-05-05,5.085240020751953
216,2011-05-06,5.078380017280579
217,2011-05-09,5.077140016555786
218,2011-05-10,5.074600014686585
219,2011-05-11,5.067120013236999
220,2011-05-12,5.059740014076233
221,2011-05-13,5.051440014839172
222,2011-05-16,5.040120015144348
223,2011-05-17,5.026780014038086
224,2011-05-18,5.019300012588501
225,2011-05-19,5.024600009918213
226,2011-05-20,5.0277200078964235
227,2011-05-23,5.0259000062942505
228,2011-05-24,5.026340003013611
229,2011-05-25,5.031040000915527
230,2011-05-26,5.036760001182556
231,2011-05-27,5.042519998550415
232,2011-05-31,5.049139995574951
233,2011-06-01,5.050419993400574
234,2011-06-02,5.051459994316101
235,2011-06-03,5.054819993972778
236,2011-06-06,5.058299989700317
237,2011-06-07,5.0611199855804445
238,2011-06-08,5.06291998386383
239,2011-06-09,5.066659984588623
240,2011-06-10,5.0710999870300295
241,2011-06-13,5.079899983406067
242,2011-06-14,5.0918599796295165
243,2011-06-15,5.100419983863831
244,2011-06-16,5.104439988136291
245,2011-06-17,5.108079991340637
246,2011-06-20,5.110599994659424
247,2011-06-21,5.115819993019104
248,2011-06-22,5.12221999168396
249,2011-06-23,5.1294399881362915
250,2011-06-24,5.136759986877442
251,2011-06-27,5.143799986839294
252,2011-06-28,5.152759990692139
253,2011-06-29,5.162419991493225
254,2011-06-30,5.174539995193482
255,2011-07-01,5.183599996566772
256,2011-07-05,5.1954599952697755
257,2011-07-06,5.206939992904663
258,2011-07-07,5.2198999929428105
259,2011-07-08,5.231359992027283
260,2011-07-11,5.242379994392395
261,2011-07-12,5.249259991645813
262,2011-07-13,5.259339995384217
263,2011-07-14,5.268199992179871
264,2011-07-15,5.279619989395141
265,2011-07-18,5.290419988632202
266,2011-07-19,5.301139988899231
267,2011-07-20,5.311299986839295
268,2011-07-21,5.320919985771179
269,2011-07-22,5.331619982719421
270,2011-07-25,5.340559983253479
271,2011-07-26,5.3478399801254275
272,2011-07-27,5.353219981193543
273,2011-07-28,5.359679980278015
274,2011-07-29,5.3666999769210815
275,2011-08-01,5.374799981117248
276,2011-08-02,5.381459980010987
277,2011-08-03,5.387719979286194
278,2011-08-04,5.390719976425171
279,2011-08-05,5.393299975395203
280,2011-08-08,5.3949399757385255
281,2011-08-09,5.399439978599548
282,2011-08-10,5.4011599779129025
283,2011-08-11,5.4062999773025515
284,2011-08-12,5.414539976119995
285,2011-08-15,5.422579975128174
286,2011-08-16,5.430119972229004
287,2011-08-17,5.436279969215393
288,2011-08-18,5.438299970626831
289,2011-08-19,5.4350599718093875
290,2011-08-22,5.431539969444275
291,2011-08-23,5.42195996761322
292,2011-08-24,5.416379971504211
293,2011-08-25,5.410939974784851
294,2011-08-26,5.4049999713897705
295,2011-08-29,5.401439971923828
296,2011-08-30,5.396219973564148
297,2011-08-31,5.3927199745178225
298,2011-09-01,5.3901799774169925
299,2011-09-02,5.38701997756958
300,2011-09-06,5.383039975166321
301,2011-09-07,5.3804399776458744
302,2011-09-08,5.376499977111816
303,2011-09-09,5.372379975318909
304,2011-09-12,5.367819976806641
305,2011-09-13,5.3644799757003785
306,2011-09-14,5.359679975509644
307,2011-09-15,5.356539978981018
308,2011-09-16,5.354279975891114
309,2011-09-19,5.35165997505188
310,2011-09-20,5.3483599758148195
311,2011-09-21,5.344859976768493
312,2011-09-22,5.34121997833252
313,2011-09-23,5.3402399778366085
314,2011-09-26,5.3378999805450436
315,2011-09-27,5.337399978637695
316,2011-09-28,5.332339982986451
317,2011-09-29,5.324759984016419
318,2011-09-30,5.316879982948303
319,2011-10-03,5.310199980735779
320,2011-10-04,5.302179980278015
321,2011-10-05,5.2978199768066405
322,2011-10-06,5.29853997707367
323,2011-10-07,5.300599975585937
324,2011-10-10,5.303659977912903
325,2011-10-11,5.302479977607727
326,2011-10-12,5.302139978408814
327,2011-10-13,5.304379978179932
328,2011-10-14,5.307039980888367
329,2011-10-17,5.303919982910156
330,2011-10-18,5.301639986038208
331,2011-10-19,5.297679986953735
332,2011-10-20,5.29207998752594
333,2011-10-21,5.291099987030029
334,2011-10-24,5.290679988861084
335,2011-10-25,5.2869199895858765
336,2011-10-26,5.28547999382019
337,2011-10-27,5.286259994506836
338,2011-10-28,5.291759996414185
339,2011-10-31,5.29525999546051
340,2011-11-01,5.297299995422363
341,2011-11-02,5.297859997749328
342,2011-11-03,5.305580000877381
343,2011-11-04,5.315559997558593
344,2011-11-07,5.3250999975204465
345,2011-11-08,5.335779995918274
346,2011-11-09,5.345519995689392
347,2011-11-10,5.353119993209839
348,2011-11-11,5.365979995727539
349,2011-11-14,5.376999998092652
350,2011-11-15,5.389719996452332
351,2011-11-16,5.40467999458313
352,2011-11-17,5.415819993019104
353,2011-11-18,5.424439992904663
354,2011-11-21,5.429699993133545
355,2011-11-22,5.435799994468689
356,2011-11-23,5.440419993400574
357,2011-11-25,5.445819993019104
358,2011-11-28,5.451479992866516
359,2011-11-29,5.457359991073608
360,2011-11-30,5.466139988899231
361,2011-12-01,5.474999990463257
362,2011-12-02,5.4843199872970585
363,2011-12-05,5.497939987182617
364,2011-12-06,5.512519989013672
365,2011-12-07,5.526439986228943
366,2011-12-08,5.532439985275269
367,2011-12-09,5.537139987945556
368,2011-12-12,5.540559988021851
369,2011-12-13,5.5408799886703495
370,2011-12-14,5.540959987640381
371,2011-12-15,5.542199988365173
372,2011-12-16,5.542919988632202
373,2011-12-19,5.542079992294312
374,2011-12-20,5.541539993286133
375,2011-12-21,5.5391399908065795
376,2011-12-22,5.539999990463257
377,2011-12-23,5.541399989128113
378,2011-12-27,5.549039993286133
379,2011-12-28,5.55757999420166
380,2011-12-29,5.567759990692139
381,2011-12-30,5.57475998878479
382,2012-01-03,5.583279991149903
383,2012-01-04,5.588099989891052
384,2012-01-05,5.589719986915588
385,2012-01-06,5.591079988479614
386,2012-01-09,5.593379988670349
387,2012-01-10,5.596959991455078
388,2012-01-11,5.604899988174439
389,2012-01-12,5.616799988746643
390,2012-01-13,5.618479990959168
391,2012-01-17,5.6257599925994874
392,2012-01-18,5.63163999080658
393,2012-01-19,5.638939990997314
394,2012-01-20,5.64467999458313
395,2012-01-23,5.648799996376038
396,2012-01-24,5.654379997253418
397,2012-01-25,5.660839996337891
398,2012-01-26,5.670719995498657
399,2012-01-27,5.683239998817444
400,2012-01-30,5.696500000953674
401,2012-01-31,5.706960000991821
402,2012-02-01,5.718899998664856
403,2012-02-02,5.733460001945495
404,2012-02-03,5.75
405,2012-02-06,5.765440001487732
406,2012-02-07,5.77996000289917
407,2012-02-08,5.794180002212524
408,2012-02-09,5.807740001678467
409,2012-02-10,5.8184000015258786
410,2012-02-13,5.829359998703003
411,2012-02-14,5.843999996185302
412,2012-02-15,5.859939994812012
413,2012-02-16,5.875539994239807
414,2012-02-17,5.894439992904663
415,2012-02-21,5.91105999469757
416,2012-02-22,5.930319991111755
417,2012-02-23,5.951139993667603
418,2012-02-24,5.96985999584198
419,2012-02-27,5.9896399974823
420,2012-02-28,6.009939999580383
421,2012-02-29,6.0260200023651125
422,2012-03-01,6.040920000076294
423,2012-03-02,6.055020003318787
424,2012-03-05,6.066800003051758
425,2012-03-06,6.077800006866455
426,2012-03-07,6.088440008163452
427,2012-03-08,6.098700008392334
428,2012-03-09,6.1120800065994265
429,2012-03-12,6.129260005950928
430,2012-03-13,6.144760003089905
431,2012-03-14,6.160200004577637
432,2012-03-15,6.175520005226136
433,2012-03-16,6.19010000705719
434,2012-03-19,6.202960004806519
435,2012-03-20,6.216380004882812
436,2012-03-21,6.2307200050354
437,2012-03-22,6.242000007629395
438,2012-03-23,6.250420007705689
439,2012-03-26,6.266480007171631
440,2012-03-27,6.284600005149842
441,2012-03-28,6.302880005836487
442,2012-03-29,6.312620005607605
443,2012-03-30,6.3224800062179565
444,2012-04-02,6.333100004196167
445,2012-04-03,6.345440006256103
446,2012-04-04,6.353680005073548
447,2012-04-05,6.359980006217956
448,2012-04-09,6.359000005722046
449,2012-04-10,6.357480006217957
450,2012-04-11,6.355800008773803
451,2012-04-12,6.352800011634827
452,2012-04-13,6.3526200103759765
453,2012-04-16,6.351920008659363
454,2012-04-17,6.352880005836487
455,2012-04-18,6.354060006141663
456,2012-04-19,6.357480006217957
457,2012-04-20,6.360480008125305
458,2012-04-23,6.359240007400513
459,2012-04-24,6.359380006790161
460,2012-04-25,6.359720005989074
461,2012-04-26,6.361500005722046
462,2012-04-27,6.361580009460449
463,2012-04-30,6.359000010490417
464,2012-05-01,6.356820011138916
465,2012-05-02,6.356320013999939
466,2012-05-03,6.359460015296936
467,2012-05-04,6.361040015220642
468,2012-05-07,6.36516001701355
469,2012-05-08,6.366640019416809
470,2012-05-09,6.369700021743775
471,2012-05-10,6.37838002204895
472,2012-05-11,6.386880021095276
473,2012-05-14,6.391500020027161
474,2012-05-15,6.394560022354126
475,2012-05-16,6.397780022621155
476,2012-05-17,6.399380025863647
477,2012-05-18,6.398700027465821
478,2012-05-21,6.3991000270843506
479,2012-05-22,6.403680024147033
480,2012-05-23,6.408260025978088
481,2012-05-24,6.4117000293731685
482,2012-05-25,6.415160026550293
483,2012-05-29,6.42312002658844
484,2012-05-30,6.429700026512146
485,2012-05-31,6.434880027770996
486,2012-06-01,6.436680030822754
487,2012-06-04,6.4372000312805175
488,2012-06-05,6.436560029983521
489,2012-06-06,6.438500027656556
490,2012-06-07,6.450780024528504
491,2012-06-08,6.457740020751953
492,2012-06-11,6.462360019683838
493,2012-06-12,6.468160018920899
494,2012-06-13,6.474500017166138
495,2012-06-14,6.479740014076233
496,2012-06-15,6.484720010757446
497,2012-06-18,6.492460012435913
498,2012-06-19,6.4987600135803225
499,2012-06-20,6.507660012245179
500,2012-06-21,6.512900013923645
501,2012-06-22,6.52234001159668
502,2012-06-25,6.52940001487732
503,2012-06-26,6.532120013237
504,2012-06-27,6.533740015029907
505,2012-06-28,6.532960014343262
506,2012-06-29,6.53234001159668
507,2012-07-02,6.529280009269715
508,2012-07-03,6.525440011024475
509,2012-07-05,6.525700011253357
510,2012-07-06,6.524700012207031
511,2012-07-09,6.521340012550354
512,2012-07-10,6.516680016517639
513,2012-07-11,6.511340017318726
514,2012-07-12,6.5068000173568725
515,2012-07-13,6.506300015449524
516,2012-07-16,6.509780015945434
517,2012-07-17,6.507420015335083
518,2012-07-18,6.504220013618469
519,2012-07-19,6.501520013809204
520,2012-07-20,6.497480010986328
521,2012-07-23,6.491980009078979
522,2012-07-24,6.482840008735657
523,2012-07-25,6.472660007476807
524,2012-07-26,6.4613800048828125
525,2012-07-27,6.454180002212524
526,2012-07-30,6.442639999389648
527,2012-07-31,6.431340003013611
528,2012-08-01,6.414360003471375
529,2012-08-02,6.394539999961853
530,2012-08-03,6.3769000005722045
531,2012-08-06,6.362859997749329
532,2012-08-07,6.353359999656678
533,2012-08-08,6.340899996757507
534,2012-08-09,6.329759998321533
535,2012-08-10,6.319719996452331
536,2012-08-13,6.311759996414184
537,2012-08-14,6.301799993515015
538,2012-08-15,6.292439994812011
539,2012-08-16,6.2782399940490725
540,2012-08-17,6.262379994392395
541,2012-08-20,6.245699992179871
542,2012-08-21,6.229259991645813
543,2012-08-22,6.214679989814758
544,2012-08-23,6.202979989051819
545,2012-08-24,6.185959987640381
546,2012-08-27,6.172599987983704
547,2012-08-28,6.161019988059998
548,2012-08-29,6.1515399885177615
549,2012-08-30,6.143439989089966
550,2012-08-31,6.134299988746643
551,2012-09-04,6.123699984550476
552,2012-09-05,6.112399983406067
553,2012-09-06,6.104999985694885
554,2012-09-07,6.09921998500824
555,2012-09-10,6.088639984130859
556,2012-09-11,6.077919983863831
557,2012-09-12,6.068159985542297
558,2012-09-13,6.063239984512329
559,2012-09-14,6.060379986763
560,2012-09-17,6.059639987945556
561,2012-09-18,6.05533998966217
562,2012-09-19,6.050759987831116
563,2012-09-20,6.046299986839294
564,2012-09-21,6.038779988288879
565,2012-09-24,6.032219986915589
566,2012-09-25,6.022619986534119
567,2012-09-26,6.01403998374939
568,2012-09-27,6.006079983711243
569,2012-09-28,6.00425998210907
570,2012-10-01,6.002459979057312
571,2012-10-02,5.996139979362487
572,2012-10-03,5.99023998260498
573,2012-10-04,5.988919982910156
574,2012-10-05,5.987839980125427
575,2012-10-08,5.987979979515075
576,2012-10-09,5.987579975128174
577,2012-10-10,5.989259972572326
578,2012-10-11,5.988359971046448
579,2012-10-12,5.9820399713516235
580,2012-10-15,5.974659972190857
581,2012-10-16,5.970219969749451
582,2012-10-17,5.968239970207215
583,2012-10-18,5.960939970016479
584,2012-10-19,5.955599970817566
585,2012-10-22,5.952299971580505
586,2012-10-23,5.952779970169067
587,2012-10-24,5.951859970092773
588,2012-10-25,5.951079974174499
589,2012-10-26,5.947399973869324
590,2012-10-31,5.945799975395203
591,2012-11-01,5.944139976501464
592,2012-11-02,5.943739976882934
593,2012-11-05,5.94741997718811
594,2012-11-06,5.950179977416992
595,2012-11-07,5.95447998046875
596,2012-11-08,5.957279982566834
597,2012-11-09,5.954239983558654
598,2012-11-12,5.952199983596802
599,2012-11-13,5.947859983444214
600,2012-11-14,5.946239981651306
601,2012-11-15,5.940299983024597
602,2012-11-16,5.937759981155396
603,2012-11-19,5.940379981994629
604,2012-11-20,5.942459979057312
605,2012-11-21,5.944579977989196
606,2012-11-23,5.946259980201721
607,2012-11-26,5.949999980926513
608,2012-11-27,5.952979979515075
609,2012-11-28,5.95697998046875
610,2012-11-29,5.96237998008728
611,2012-11-30,5.967039980888367
612,2012-12-03,5.973739976882935
613,2012-12-04,5.978519978523255
614,2012-12-05,5.980539979934693
615,2012-12-06,5.979839982986451
616,2012-12-07,5.976259984970093
617,2012-12-10,5.9786999845504765
618,2012-12-11,5.984959988594055
619,2012-12-12,5.9909399890899655
620,2012-12-13,5.9945799922943115
621,2012-12-14,6.000879993438721
622,2012-12-17,6.009999995231628
623,2012-12-18,6.021279997825623
624,2012-12-19,6.03423999786377
625,2012-12-20,6.0440799999237065
626,2012-12-21,6.057380003929138
627,2012-12-24,6.071100001335144
628,2012-12-26,6.085780000686645
629,2012-12-27,6.100960001945496
630,2012-12-28,6.1128600025177
631,2012-12-31,6.124060006141662
632,2013-01-02,6.134280004501343
633,2013-01-03,6.145640006065369
634,2013-01-04,6.155620007514954
635,2013-01-07,6.164420008659363
636,2013-01-08,6.1694400072097775
637,2013-01-09,6.177880010604858
638,2013-01-10,6.186140007972718
639,2013-01-11,6.191360006332397
640,2013-01-14,6.197860007286072
641,2013-01-15,6.206640009880066
642,2013-01-16,6.216620011329651
643,2013-01-17,6.2254800128936765
644,2013-01-18,6.233060011863708
645,2013-01-22,6.244440011978149
646,2013-01-23,6.259800009727478
647,2013-01-24,6.276400008201599
648,2013-01-25,6.293540005683899
649,2013-01-28,6.312780003547669
650,2013-01-29,6.331640005111694
651,2013-01-30,6.3504000091552735
652,2013-01-31,6.369540009498596
653,2013-02-01,6.389040007591247
654,2013-02-04,6.405820007324219
655,2013-02-05,6.427340006828308
656,2013-02-06,6.450080008506775
657,2013-02-07,6.472480006217957
658,2013-02-08,6.492000007629395
659,2013-02-11,6.508060007095337
660,2013-02-12,6.518760008811951
661,2013-02-13,6.532980008125305
662,2013-02-14,6.54742000579834
663,2013-02-15,6.55970000743866
664,2013-02-19,6.5782200050354005
665,2013-02-20,6.593980007171631
666,2013-02-21,6.608980007171631
667,2013-02-22,6.626120009422302
668,2013-02-25,6.637900009155273
669,2013-02-26,6.648200011253357
670,2013-02-27,6.660080013275146
671,2013-02-28,6.6701400136947635
672,2013-03-01,6.6808400106430055
673,2013-03-04,6.6932000112533565
674,2013-03-05,6.7087200117111205
675,2013-03-06,6.72560001373291
676,2013-03-07,6.745320014953613
677,2013-03-08,6.765460014343262
678,2013-03-11,6.787020015716553
679,2013-03-12,6.8099800157547
680,2013-03-13,6.83328001499176
681,2013-03-14,6.850860013961792
682,2013-03-15,6.863800015449524
683,2013-03-18,6.87802001953125
684,2013-03-19,6.892700018882752
685,2013-03-20,6.908900017738342
686,2013-03-21,6.924140019416809
687,2013-03-22,6.942540016174316
688,2013-03-25,6.9625600147247315
689,2013-03-26,6.983520016670227
690,2013-03-27,7.003580017089844
691,2013-03-28,7.020860018730164
692,2013-04-01,7.0508800220489505
693,2013-04-02,7.076560020446777
694,2013-04-03,7.096460022926331
695,2013-04-04,7.117400026321411
696,2013-04-05,7.137520027160645
697,2013-04-08,7.160540027618408
698,2013-04-09,7.1794000291824345
699,2013-04-10,7.199900026321411
700,2013-04-11,7.224320030212402
701,2013-04-12,7.25018002986908
702,2013-04-15,7.273100028038025
703,2013-04-16,7.298440027236938
704,2013-04-17,7.3233400297164915
705,2013-04-18,7.352340030670166
706,2013-04-19,7.383740029335022
707,2013-04-22,7.419580030441284
708,2013-04-23,7.457300028800964
709,2013-04-24,7.491700034141541
710,2013-04-25,7.528320031166077
711,2013-04-26,7.56308002948761
712,2013-04-29,7.603720030784607
713,2013-04-30,7.643900032043457
714,2013-05-01,7.68304003238678
715,2013-05-02,7.723460025787354
716,2013-05-03,7.764220023155213
717,2013-05-06,7.814080018997192
718,2013-05-07,7.85454001903534
719,2013-05-08,7.895600018501281
720,2013-05-09,7.967180018424988
721,2013-05-10,8.053080019950867
722,2013-05-13,8.159880013465882
723,2013-05-14,8.257180018424988
724,2013-05-15,8.357640023231506
725,2013-05-16,8.473280029296875
726,2013-05-17,8.588280019760132
727,2013-05-20,8.6996000289917
728,2013-05-21,8.807600026130677
729,2013-05-22,8.914700026512145
730,2013-05-23,9.033720021247865
731,2013-05-24,9.160140023231506
732,2013-05-28,9.31008002281189
733,2013-05-29,9.449800028800965
734,2013-05-30,9.590900025367738
735,2013-05-31,9.717740025520325
736,2013-06-03,9.835560021400452
737,2013-06-04,9.957960023880005
738,2013-06-05,10.08164001941681
739,2013-06-06,10.210520014762878
740,2013-06-07,10.348080024719238
741,2013-06-10,10.480380024909973
742,2013-06-11,10.601120014190673
743,2013-06-12,10.727820010185242
744,2013-06-13,10.85514000892639
745,2013-06-14,10.9853600025177
746,2013-06-17,11.117760009765625
747,2013-06-18,11.250560007095338
748,2013-06-19,11.38596001625061
749,2013-06-20,11.511200008392334
750,2013-06-21,11.634400005340575
751,2013-06-24,11.762340006828309
752,2013-06-25,11.892120003700256
753,2013-06-26,12.02695999622345
754,2013-06-27,12.169980001449584
755,2013-06-28,12.30844000339508
756,2013-07-01,12.464460010528564
757,2013-07-02,12.621140003204346
758,2013-07-03,12.773140006065368
759,2013-07-05,12.93648000240326
760,2013-07-08,13.103920006752015
761,2013-07-09,13.273920011520385
762,2013-07-10,13.441920018196106
763,2013-07-11,13.619060015678405
764,2013-07-12,13.800300011634826
765,2013-07-15,13.977740006446838
766,2013-07-16,14.125520000457763
767,2013-07-17,14.293799991607665
768,2013-07-18,14.463099989891052
769,2013-07-19,14.633599996566772
770,2013-07-22,14.808259997367859
771,2013-07-23,14.984079999923706
772,2013-07-24,15.1581800031662
773,2013-07-25,15.335159993171692
774,2013-07-26,15.520639996528626
775,2013-07-29,15.71449999332428
776,2013-07-30,15.901519989967346
777,2013-07-31,16.093140001296998
778,2013-08-01,16.286040005683898
779,2013-08-02,16.48380001068115
780,2013-08-05,16.69520001888275
781,2013-08-06,16.905800023078918
782,2013-08-07,17.103680028915406
783,2013-08-08,17.3403400182724
784,2013-08-09,17.576180024147035
785,2013-08-12,17.799040021896364
786,2013-08-13,18.017880024909974
787,2013-08-14,18.223360023498536
788,2013-08-15,18.427640023231508
789,2013-08-16,18.63592001914978
790,2013-08-19,18.849400014877318
791,2013-08-20,19.072780017852782
792,2013-08-21,19.280640020370484
793,2013-08-22,19.506160020828247
794,2013-08-23,19.747640018463134
795,2013-08-26,19.99206003189087
796,2013-08-27,20.243340034484863
797,2013-08-28,20.492580041885375
798,2013-08-29,20.74370005607605
799,2013-08-30,20.99798005104065
800,2013-09-03,21.248680028915405
801,2013-09-04,21.50242003440857
802,2013-09-05,21.7556800365448
803,2013-09-06,21.998440046310424
804,2013-09-09,22.22894003868103
805,2013-09-10,22.467740020751954
806,2013-09-11,22.69912000656128
807,2013-09-12,22.928600006103515
808,2013-09-13,23.157660026550293
809,2013-09-16,23.38996004104614
810,2013-09-17,23.618420028686522
811,2013-09-18,23.848460025787354
812,2013-09-19,24.094420022964478
813,2013-09-20,24.35322003364563
814,2013-09-23,24.60888003349304
815,2013-09-24,24.8653200340271
816,2013-09-25,25.126700038909913
817,2013-09-26,25.3849800491333
818,2013-09-27,25.655760049819946
819,2013-09-30,25.93092004776001
820,2013-10-01,26.178120031356812
821,2013-10-02,26.38650001525879
822,2013-10-03,26.55752000808716
823,2013-10-04,26.752999992370604
824,2013-10-07,26.949459972381593
825,2013-10-08,27.114419956207275
826,2013-10-09,27.26897996902466
827,2013-10-10,27.43495994567871
828,2013-10-11,27.617179965972902
829,2013-10-14,27.80213996887207
830,2013-10-15,27.984559955596925
831,2013-10-16,28.157519969940186
832,2013-10-17,28.302459983825685
833,2013-10-18,28.459999980926515
834,2013-10-21,28.59529998779297
835,2013-10-22,28.74285997390747
836,2013-10-23,28.88667999267578
837,2013-10-24,29.04329999923706
838,2013-10-25,29.19187999725342
839,2013-10-28,29.322899990081787
840,2013-10-29,29.447759990692138
841,2013-10-30,29.56609998703003
842,2013-10-31,29.697040004730226
843,2013-11-01,29.82591999053955
844,2013-11-04,29.97996000289917
845,2013-11-05,30.132980003356934
846,2013-11-06,30.230900001525878
847,2013-11-07,30.303660011291505
848,2013-11-08,30.370200004577637
849,2013-11-11,30.458300018310545
850,2013-11-12,30.53480001449585
851,2013-11-13,30.609220008850098
852,2013-11-14,30.67962001800537
853,2013-11-15,30.739080028533934
854,2013-11-18,30.76374002456665
855,2013-11-19,30.80120002746582
856,2013-11-20,30.80906002044678
857,2013-11-21,30.81762002944946
858,2013-11-22,30.829900016784666
859,2013-11-25,30.831400012969972
860,2013-11-26,30.82918001174927
861,2013-11-27,30.836160011291504
862,2013-11-29,30.846180000305175
863,2013-12-02,30.84329999923706
864,2013-12-03,30.872900009155273
865,2013-12-04,30.89628002166748
866,2013-12-05,30.959140033721923
867,2013-12-06,30.99336004257202
868,2013-12-09,31.03850004196167
869,2013-12-10,31.083520030975343
870,2013-12-11,31.117960033416747
871,2013-12-12,31.167420024871827
872,2013-12-13,31.2193200302124
873,2013-12-16,31.267060031890868
874,2013-12-17,31.313200035095214
875,2013-12-18,31.339920043945312
876,2013-12-19,31.35788003921509
877,2013-12-20,31.375800037384032
878,2013-12-23,31.391800022125246
879,2013-12-24,31.418620014190672
880,2013-12-26,31.440260009765623
881,2013-12-27,31.458200016021728
882,2013-12-30,31.49462001800537
883,2013-12-31,31.48852003097534
884,2014-01-02,31.482720031738282
885,2014-01-03,31.48708003997803
886,2014-01-06,31.490220031738282
887,2014-01-07,31.51022003173828
888,2014-01-08,31.533440036773683
889,2014-01-09,31.544500045776367
890,2014-01-10,31.546140041351318
891,2014-01-13,31.525660037994385
892,2014-01-14,31.5524800491333
893,2014-01-15,31.566540050506593
894,2014-01-16,31.584800052642823
895,2014-01-17,31.5963800239563
896,2014-01-21,31.6157200050354
897,2014-01-22,31.639940013885496
898,2014-01-23,31.67081998825073
899,2014-01-24,31.68201997756958
900,2014-01-27,31.68337999343872
901,2014-01-28,31.698899974822996
902,2014-01-29,31.70949998855591
903,2014-01-30,31.74123998641968
904,2014-01-31,31.782660007476807
905,2014-02-03,31.804140033721925
906,2014-02-04,31.83456003189087
907,2014-02-05,31.853540019989012
908,2014-02-06,31.87921998977661
909,2014-02-07,31.919119968414307
910,2014-02-10,31.979779987335206
911,2014-02-11,32.04058000564575
912,2014-02-12,32.07538000106811
913,2014-02-13,32.10785997390747
914,2014-02-14,32.14209997177124
915,2014-02-18,32.184839992523194
916,2014-02-19,32.20163999557495
917,2014-02-20,32.24429998397827
918,2014-02-21,32.28169996261597
919,2014-02-24,32.33025995254516
920,2014-02-25,32.44025995254517
921,2014-02-26,32.58435995101929
922,2014-02-27,32.742819957733154
923,2014-02-28,32.87047998428345
924,2014-03-03,33.005459995269774
925,2014-03-04,33.165679988861086
926,2014-03-05,33.33343999862671
927,2014-03-06,33.49346002578736
928,2014-03-07,33.62848001480103
929,2014-03-10,33.74672002792359
930,2014-03-11,33.847660045623776
931,2014-03-12,33.96352003097534
932,2014-03-13,34.0735000038147
933,2014-03-14,34.168640003204345
934,2014-03-17,34.29140001296997
935,2014-03-18,34.42840002059936
936,2014-03-19,34.57107999801636
937,2014-03-20,34.69459997177124
938,2014-03-21,34.81305997848511
939,2014-03-24,34.927679996490475
940,2014-03-25,35.03961999893188
941,2014-03-26,35.14709999084473
942,2014-03-27,35.24185998916626
943,2014-03-28,35.34225999832153
944,2014-03-31,35.40875997543335
945,2014-04-01,35.48907999038696
946,2014-04-02,35.647339973449704
947,2014-04-03,35.81859998703003
948,2014-04-04,35.96715997695923
949,2014-04-07,36.09279998779297
950,2014-04-08,36.24811998367309
951,2014-04-09,36.40458000183106
952,2014-04-10,36.53776000976563
953,2014-04-11,36.674420013427735
954,2014-04-14,36.8274400138855
955,2014-04-15,36.96308002471924
956,2014-04-16,37.11908000946045
957,2014-04-17,37.27112001419067
958,2014-04-21,37.43712001800537
959,2014-04-22,37.63272003173828
960,2014-04-23,37.80770002365112
961,2014-04-24,37.96954000473023
962,2014-04-25,38.11468002319336
963,2014-04-28,38.263360023498535
964,2014-04-29,38.387800006866456
965,2014-04-30,38.525679988861086
966,2014-05-01,38.66017999649048
967,2014-05-02,38.80727998733521
968,2014-05-05,38.95729997634888
969,2014-05-06,39.08747999191284
970,2014-05-07,39.21087999343872
971,2014-05-08,39.2731199836731
972,2014-05-09,39.342339973449704
973,2014-05-12,39.41579996109009
974,2014-05-13,39.49119997024536
975,2014-05-14,39.57647996902466
976,2014-05-15,39.67221996307373
977,2014-05-16,39.76885995864868
978,2014-05-19,39.87393995285034
979,2014-05-20,39.96171997070312
980,2014-05-21,40.04961996078491
981,2014-05-22,40.15713996887207
982,2014-05-23,40.266859951019285
983,2014-05-27,40.389119949340824
984,2014-05-28,40.50939994812012
985,2014-05-29,40.63075994491577
986,2014-05-30,40.75229995727539
987,2014-06-02,40.86297994613648
988,2014-06-03,40.97029993057251
989,2014-06-04,41.08321992874146
990,2014-06-05,41.205579948425296
991,2014-06-06,41.34323993682861
992,2014-06-09,41.43131992340088
993,2014-06-10,41.507659912109375
994,2014-06-11,41.57465991973877
995,2014-06-12,41.64167991638183
996,2014-06-13,41.701159934997555
997,2014-06-16,41.793259925842285
998,2014-06-17,41.89359992980957
999,2014-06-18,41.99863994598389
1000,2014-06-19,42.114979934692386
1001,2014-06-20,42.21739994049072
1002,2014-06-23,42.341379928588864
1003,2014-06-24,42.440699920654296
1004,2014-06-25,42.55165988922119
1005,2014-06-26,42.66863986968994
1006,2014-06-27,42.78929988861084
1007,2014-06-30,42.92057991027832
1008,2014-07-01,43.043259925842285
1009,2014-07-02,43.12905994415283
1010,2014-07-03,43.19443992614746
1011,2014-07-07,43.24651992797852
1012,2014-07-08,43.29401992797852
1013,2014-07-09,43.340879936218265
1014,2014-07-10,43.383339920043944
1015,2014-07-11,43.412199897766115
1016,2014-07-14,43.4783198928833
1017,2014-07-15,43.4975399017334
1018,2014-07-16,43.51265991210938
1019,2014-07-17,43.50815994262695
1020,2014-07-18,43.45219997406006
1021,2014-07-21,43.387280006408695
1022,2014-07-22,43.32136001586914
1023,2014-07-23,43.2767200088501
1024,2014-07-24,43.22268001556397
1025,2014-07-25,43.16014003753662
1026,2014-07-28,43.10446002960205
1027,2014-07-29,43.04860000610351
1028,2014-07-30,43.01402000427246
1029,2014-07-31,42.98293998718262
1030,2014-08-01,42.98065998077393
1031,2014-08-04,42.97471996307373
1032,2014-08-05,42.97611999511719
1033,2014-08-06,43.01203998565674
1034,2014-08-07,43.04885997772217
1035,2014-08-08,43.06503997802734
1036,2014-08-11,43.11199996948242
1037,2014-08-12,43.16209999084472
1038,2014-08-13,43.22493999481201
1039,2014-08-14,43.30736000061035
1040,2014-08-15,43.39049999237061
1041,2014-08-18,43.484459991455076
1042,2014-08-19,43.58333999633789
1043,2014-08-20,43.670019989013674
1044,2014-08-21,43.76180000305176
1045,2014-08-22,43.84141998291015
1046,2014-08-25,43.905939979553224
1047,2014-08-26,43.97861995697021
1048,2014-08-27,44.08065998077392
1049,2014-08-28,44.19333995819092
1050,2014-08-29,44.301819953918454
1051,2014-09-02,44.43619995117187
1052,2014-09-03,44.59019992828369
1053,2014-09-04,44.75471992492676
1054,2014-09-05,44.91331993103027
1055,2014-09-08,45.089719924926754
1056,2014-09-09,45.24845993041992
1057,2014-09-10,45.414419937133786
1058,2014-09-11,45.56627994537354
1059,2014-09-12,45.68739994049072
1060,2014-09-15,45.77913993835449
1061,2014-09-16,45.884899940490726
1062,2014-09-17,46.00795993804932
1063,2014-09-18,46.1385799407959
1064,2014-09-19,46.24337993621826
1065,2014-09-22,46.32765995025635
1066,2014-09-23,46.4130199432373
1067,2014-09-24,46.49547996520996
1068,2014-09-25,46.55615997314453
1069,2014-09-26,46.63479995727539
1070,2014-09-29,46.72261993408203
1071,2014-09-30,46.8507999420166
1072,2014-10-01,46.96675994873047
1073,2014-10-02,47.100259971618655
1074,2014-10-03,47.230359954833986
1075,2014-10-06,47.37035995483399
1076,2014-10-07,47.51231998443603
1077,2014-10-08,47.647759971618655
1078,2014-10-09,47.769599990844725
1079,2014-10-10,47.85281997680664
1080,2014-10-13,47.90309997558594
1081,2014-10-14,47.94745994567871
1082,2014-10-15,47.992259941101075
1083,2014-10-16,48.02183994293213
1084,2014-10-17,48.05631992340088
1085,2014-10-20,48.09677993774414
1086,2014-10-21,48.15191993713379
1087,2014-10-22,48.20471996307373
1088,2014-10-23,48.26541996002197
1089,2014-10-24,48.32791996002197
1090,2014-10-27,48.35745994567871
1091,2014-10-28,48.426659965515135
1092,2014-10-29,48.4922399520874
1093,2014-10-30,48.56495994567871
1094,2014-10-31,48.63941993713379
1095,2014-11-03,48.71755996704101
1096,2014-11-04,48.78257995605469
1097,2014-11-05,48.795299949645994
1098,2014-11-06,48.81439994812012
1099,2014-11-07,48.84055995941162
1100,2014-11-10,48.868839988708494
1101,2014-11-11,48.91181999206543
1102,2014-11-12,48.935579986572264
1103,2014-11-13,48.973979988098144
1104,2014-11-14,49.01756000518799
1105,2014-11-17,49.0543200302124
1106,2014-11-18,49.091600036621095
1107,2014-11-19,49.10696002960205
1108,2014-11-20,49.12494003295898
1109,2014-11-21,49.151640014648436
1110,2014-11-24,49.18658004760742
1111,2014-11-25,49.237440032958986
1112,2014-11-26,49.29618003845215
1113,2014-11-28,49.33910003662109
1114,2014-12-01,49.36346004486084
1115,2014-12-02,49.39006004333496
1116,2014-12-03,49.3952600479126
1117,2014-12-04,49.41266002655029
1118,2014-12-05,49.4257600402832
1119,2014-12-08,49.42368003845215
1120,2014-12-09,49.41742000579834
1121,2014-12-10,49.39601997375488
1122,2014-12-11,49.3746199798584
1123,2014-12-12,49.34363998413086
1124,2014-12-15,49.30463996887207
1125,2014-12-16,49.25311996459961
1126,2014-12-17,49.215119972229004
1127,2014-12-18,49.201619987487796
1128,2014-12-19,49.18236000061035
1129,2014-12-22,49.18096000671387
1130,2014-12-23,49.15636001586914
1131,2014-12-24,49.12384002685547
1132,2014-12-26,49.1025
1133,2014-12-29,49.056059989929196
1134,2014-12-30,48.995739974975585
1135,2014-12-31,48.944299964904786
1136,2015-01-02,48.864279975891115
1137,2015-01-05,48.76453998565674
1138,2015-01-06,48.666479988098146
1139,2015-01-07,48.56561996459961
1140,2015-01-08,48.462839965820315
1141,2015-01-09,48.35627998352051
1142,2015-01-12,48.24717998504639
1143,2015-01-13,48.144259986877444
1144,2015-01-14,48.02095996856689
1145,2015-01-15,47.89113998413086
1146,2015-01-16,47.75217998504639
1147,2015-01-20,47.61256000518799
1148,2015-01-21,47.479199981689455
1149,2015-01-22,47.354720001220706
1150,2015-01-23,47.21790000915527
1151,2015-01-26,47.062760009765626
1152,2015-01-27,46.91234001159668
1153,2015-01-28,46.73900001525879
1154,2015-01-29,46.59462001800537
1155,2015-01-30,46.43760002136231
1156,2015-02-02,46.30252002716065
1157,2015-02-03,46.17704002380371
1158,2015-02-04,46.05352001190185
1159,2015-02-05,45.9371000289917
1160,2015-02-06,45.864100036621096
1161,2015-02-09,45.77758003234863
1162,2015-02-10,45.687400016784665
1163,2015-02-11,45.58536003112793
1164,2015-02-12,45.4724800491333
1165,2015-02-13,45.37996006011963
1166,2015-02-17,45.287840042114254
1167,2015-02-18,45.19248001098633
1168,2015-02-19,45.122000007629396
1169,2015-02-20,45.06302001953125
1170,2015-02-23,44.98718002319336
1171,2015-02-24,44.910040016174314
1172,2015-02-25,44.837080001831055
1173,2015-02-26,44.74861999511719
1174,2015-02-27,44.64487998962402
1175,2015-03-02,44.518299980163576
1176,2015-03-03,44.39827995300293
1177,2015-03-04,44.284599952697754
1178,2015-03-05,44.17183994293213
1179,2015-03-06,44.08577995300293
1180,2015-03-09,44.01835994720459
1181,2015-03-10,43.94487995147705
1182,2015-03-11,43.87295997619629
1183,2015-03-12,43.802399978637695
1184,2015-03-13,43.724799995422366
1185,2015-03-16,43.655259971618655
1186,2015-03-17,43.57403995513916
1187,2015-03-18,43.513259925842284
1188,2015-03-19,43.43397994995117
1189,2015-03-20,43.35965995788574
1190,2015-03-23,43.315579948425295
1191,2015-03-24,43.23347995758056
1192,2015-03-25,43.145879974365236
1193,2015-03-26,43.04937999725342
1194,2015-03-27,42.935979995727536
1195,2015-03-30,42.831939964294435
1196,2015-03-31,42.73161998748779
1197,2015-04-01,42.64486000061035
1198,2015-04-02,42.54442001342773
1199,2015-04-06,42.47021999359131
1200,2015-04-07,42.39285999298096
1201,2015-04-08,42.30604000091553
1202,2015-04-09,42.22802001953125
1203,2015-04-10,42.14642002105713
1204,2015-04-13,42.04862003326416
1205,2015-04-14,41.95558002471924
1206,2015-04-15,41.855840034484864
1207,2015-04-16,41.77376003265381
1208,2015-04-17,41.689920043945314
1209,2015-04-20,41.61490005493164
1210,2015-04-21,41.54028003692627
1211,2015-04-22,41.48298004150391
1212,2015-04-23,41.42330005645752
1213,2015-04-24,41.371120071411134
1214,2015-04-27,41.37094009399414
1215,2015-04-28,41.36904010772705
1216,2015-04-29,41.375340118408204
1217,2015-04-30,41.370880126953125
1218,2015-05-01,41.37552013397217
1219,2015-05-04,41.40782012939453
1220,2015-05-05,41.4399401473999
1221,2015-05-06,41.48112014770508
1222,2015-05-07,41.53696014404297
1223,2015-05-08,41.59618011474609
1224,2015-05-11,41.667080116271975
1225,2015-05-12,41.760940132141116
1226,2015-05-13,41.83566013336181
1227,2015-05-14,41.8873401260376
1228,2015-05-15,41.94644012451172
1229,2015-05-18,41.998740119934084
1230,2015-05-19,42.05108013153076
1231,2015-05-20,42.09526012420654
1232,2015-05-21,42.13086013793945
1233,2015-05-22,42.174900169372556
1234,2015-05-26,42.22536018371582
1235,2015-05-27,42.275400199890136
1236,2015-05-28,42.339680213928226
1237,2015-05-29,42.42110019683838
1238,2015-06-01,42.49744018554688
1239,2015-06-02,42.57224018096924
1240,2015-06-03,42.64898017883301
1241,2015-06-04,42.72750015258789
1242,2015-06-05,42.82136013031006
1243,2015-06-08,42.92544013977051
1244,2015-06-09,43.05206016540527
1245,2015-06-10,43.16972015380859
1246,2015-06-11,43.28640018463135
1247,2015-06-12,43.40392017364502
1248,2015-06-15,43.511540184020994
1249,2015-06-16,43.6145401763916
1250,2015-06-17,43.73278018951416
1251,2015-06-18,43.843460159301756
1252,2015-06-19,43.95652015686035
1253,2015-06-22,44.07736015319824
1254,2015-06-23,44.20230014801025
1255,2015-06-24,44.32544013977051
1256,2015-06-25,44.44114013671875
1257,2015-06-26,44.53860012054443
1258,2015-06-29,44.62554012298584
1259,2015-06-30,44.72008010864258
1260,2015-07-01,44.823660125732424
1261,2015-07-02,44.94874015808105
1262,2015-07-06,45.075600166320804
1263,2015-07-07,45.18576015472412
1264,2015-07-08,45.28992015838623
1265,2015-07-09,45.3982201385498
1266,2015-07-10,45.5078201675415
1267,2015-07-13,45.623220176696776
1268,2015-07-14,45.731100196838376
1269,2015-07-15,45.82316017150879
1270,2015-07-16,45.941840171813965
1271,2015-07-17,46.08294017791748
1272,2015-07-20,46.23994018554688
1273,2015-07-21,46.35910018920899
1274,2015-07-22,46.48816020965576
1275,2015-07-23,46.627900199890135
1276,2015-07-24,46.759600219726565
1277,2015-07-27,46.8607402420044
1278,2015-07-28,46.9891202545166
1279,2015-07-29,47.12900024414063
1280,2015-07-30,47.280820274353026
1281,2015-07-31,47.432480278015134
1282,2015-08-03,47.564980278015135
1283,2015-08-04,47.715400276184084
1284,2015-08-05,47.87830028533936
1285,2015-08-06,47.97916030883789
1286,2015-08-07,48.074720306396486
1287,2015-08-10,48.15558032989502
1288,2015-08-11,48.23902030944824
1289,2015-08-12,48.31920028686523
1290,2015-08-13,48.404960289001465
1291,2015-08-14,48.48782028198242
1292,2015-08-17,48.60920028686523
1293,2015-08-18,48.74982028961182
1294,2015-08-19,48.89032028198242
1295,2015-08-20,48.99354030609131
1296,2015-08-21,49.07754028320313
1297,2015-08-24,49.14010025024414
1298,2015-08-25,49.19816024780273
1299,2015-08-26,49.24164024353027
1300,2015-08-27,49.321120223999024
1301,2015-08-28,49.402740211486815
1302,2015-08-31,49.48068019866943
1303,2015-09-01,49.53614021301269
1304,2015-09-02,49.61196018218994
1305,2015-09-03,49.688180160522464
1306,2015-09-04,49.7563801574707
1307,2015-09-08,49.83932014465332
1308,2015-09-09,49.92356014251709
1309,2015-09-10,50.00998012542725
1310,2015-09-11,50.091640129089356
1311,2015-09-14,50.15914012908936
1312,2015-09-15,50.22908012390137
1313,2015-09-16,50.31672012329101
1314,2015-09-17,50.377760124206546
1315,2015-09-18,50.43804012298584
1316,2015-09-21,50.50154010772705
1317,2015-09-22,50.571320114135744
1318,2015-09-23,50.64138011932373
1319,2015-09-24,50.70660011291504
1320,2015-09-25,50.754520111083984
1321,2015-09-28,50.790520133972166
1322,2015-09-29,50.8102201461792
1323,2015-09-30,50.833800163269046
1324,2015-10-01,50.834580192565916
1325,2015-10-02,50.84024017333984
1326,2015-10-05,50.84618015289307
1327,2015-10-06,50.84090015411377
1328,2015-10-07,50.80714012145996
1329,2015-10-08,50.76308013916016
1330,2015-10-09,50.710180130004886
1331,2015-10-12,50.652640151977536
1332,2015-10-13,50.59990013122559
1333,2015-10-14,50.53820011138916
1334,2015-10-15,50.4859001159668
1335,2015-10-16,50.445060119628906
1336,2015-10-19,50.398360099792484
1337,2015-10-20,50.32282009124756
1338,2015-10-21,50.24410011291504
1339,2015-10-22,50.170840148925784
1340,2015-10-23,50.09104015350342
1341,2015-10-26,50.0297201538086
1342,2015-10-27,49.952140159606934
1343,2015-10-28,49.86548015594482
1344,2015-10-29,49.77674015045166
1345,2015-10-30,49.689200172424314
1346,2015-11-02,49.613960151672366
1347,2015-11-03,49.529280128479
1348,2015-11-04,49.49178012847901
1349,2015-11-05,49.44908012390137
1350,2015-11-06,49.392980117797855
1351,2015-11-09,49.31986015319824
1352,2015-11-10,49.227840156555175
1353,2015-11-11,49.14642017364502
1354,2015-11-12,49.036960182189944
1355,2015-11-13,48.921000175476074
1356,2015-11-16,48.812040176391605
1357,2015-11-17,48.705860176086425
1358,2015-11-18,48.623960189819336
1359,2015-11-19,48.53104019165039
1360,2015-11-20,48.43276016235352
1361,2015-11-23,48.30822013854981
1362,2015-11-24,48.18528015136719
1363,2015-11-25,48.108800163269045
1364,2015-11-27,48.062100143432616
1365,2015-11-30,48.006780128479
1366,2015-12-01,47.962860107421875
1367,2015-12-02,47.90252010345459
1368,2015-12-03,47.83664009094238
1369,2015-12-04,47.771120109558105
1370,2015-12-07,47.70002014160156
1371,2015-12-08,47.60414016723633
1372,2015-12-09,47.488660163879395
1373,2015-12-10,47.4092601776123
1374,2015-12-11,47.30756015777588
1375,2015-12-14,47.210320167541504
1376,2015-12-15,47.121680145263674
1377,2015-12-16,47.08468013763428
1378,2015-12-17,47.02182014465332
1379,2015-12-18,46.95510013580322
1380,2015-12-21,46.88664012908936
1381,2015-12-22,46.81424015045166
1382,2015-12-23,46.753660125732424
1383,2015-12-24,46.682240104675294
1384,2015-12-28,46.599880104064944
1385,2015-12-29,46.58200008392334
1386,2015-12-30,46.573160095214845
1387,2015-12-31,46.57090007781982
1388,2016-01-04,46.54298007965088
1389,2016-01-05,46.51350009918213
1390,2016-01-06,46.46656009674072
1391,2016-01-07,46.41156009674072
1392,2016-01-08,46.32358009338379
1393,2016-01-11,46.21784008026123
1394,2016-01-12,46.12728008270264
1395,2016-01-13,46.04354007720947
1396,2016-01-14,45.99436008453369
1397,2016-01-15,45.96660011291504
1398,2016-01-19,45.93598011016846
1399,2016-01-20,45.883700141906736
1400,2016-01-21,45.79766014099121
1401,2016-01-22,45.70580013275146
1402,2016-01-25,45.600440139770505
1403,2016-01-26,45.510300140380856
1404,2016-01-27,45.39106014251709
1405,2016-01-28,45.27932014465332
1406,2016-01-29,45.17786014556885
1407,2016-02-01,45.07540016174316
1408,2016-02-02,44.94314014434814
1409,2016-02-03,44.79314014434814
1410,2016-02-04,44.64332015991211
1411,2016-02-05,44.46214015960693
1412,2016-02-08,44.25098014831543
1413,2016-02-09,44.02298013687134
1414,2016-02-10,43.786180114746095
1415,2016-02-11,43.565880107879636
1416,2016-02-12,43.33956010818481
1417,2016-02-16,43.12802011489868
1418,2016-02-17,42.94326009750366
1419,2016-02-18,42.75056009292602
1420,2016-02-19,42.5699001121521
1421,2016-02-22,42.428520107269286
1422,2016-02-23,42.28964010238647
1423,2016-02-24,42.15084009170532
1424,2016-02-25,42.04594007492065
1425,2016-02-26,41.93148008346557
1426,2016-02-29,41.823040103912355
1427,2016-03-01,41.71282011032105
1428,2016-03-02,41.62558012008667
1429,2016-03-03,41.56362009048462
1430,2016-03-04,41.52432008743286
1431,2016-03-07,41.503740062713625
1432,2016-03-08,41.47044008255005
1433,2016-03-09,41.454120082855226
1434,2016-03-10,41.42186006546021
1435,2016-03-11,41.38284006118774
1436,2016-03-14,41.356940059661866
1437,2016-03-15,41.367560062408444
1438,2016-03-16,41.39124006271362
1439,2016-03-17,41.42056005477905
1440,2016-03-18,41.467860050201416
1441,2016-03-21,41.513980083465576
1442,2016-03-22,41.561760082244874
1443,2016-03-23,41.581000080108645
1444,2016-03-24,41.61324007034302
1445,2016-03-28,41.65990003585816
1446,2016-03-29,41.69258005142212
1447,2016-03-30,41.72966005325318
1448,2016-03-31,41.72594003677368
1449,2016-04-01,41.73758005142212
1450,2016-04-04,41.76684003829956
1451,2016-04-05,41.827120037078856
1452,2016-04-06,41.92496004104614
1453,2016-04-07,42.00120000839233
1454,2016-04-08,42.075459995269775
1455,2016-04-11,42.16092000961304
1456,2016-04-12,42.227940006256105
1457,2016-04-13,42.3089999961853
1458,2016-04-14,42.37058000564575
1459,2016-04-15,42.4360000038147
1460,2016-04-18,42.50374002456665
1461,2016-04-19,42.56298002243042
1462,2016-04-20,42.62642000198364
1463,2016-04-21,42.663719997406005
1464,2016-04-22,42.70800001144409
1465,2016-04-25,42.751120014190676
1466,2016-04-26,42.78422002792358
1467,2016-04-27,42.82318002700806
1468,2016-04-28,42.85318002700806
1469,2016-04-29,42.873940029144286
1470,2016-05-02,42.895280017852784
1471,2016-05-03,42.90648000717163
1472,2016-05-04,42.902560024261476
1473,2016-05-05,42.871480007171634
1474,2016-05-06,42.86730001449585
1475,2016-05-09,42.84798002243042
1476,2016-05-10,42.82318002700806
1477,2016-05-11,42.77208002090454
1478,2016-05-12,42.719860019683836
1479,2016-05-13,42.6741600227356
1480,2016-05-16,42.62562002182007
1481,2016-05-17,42.57503999710083
1482,2016-05-18,42.53798002243042
1483,2016-05-19,42.50726003646851
1484,2016-05-20,42.48992002487183
1485,2016-05-23,42.44798002243042
1486,2016-05-24,42.40762002944946
1487,2016-05-25,42.3667600440979
1488,2016-05-26,42.37018003463745
1489,2016-05-27,42.36940004348755
1490,2016-05-31,42.37778005599976
1491,2016-06-01,42.385600032806394
1492,2016-06-02,42.401520023345945
1493,2016-06-03,42.42380002975464
1494,2016-06-06,42.44522005081177
1495,2016-06-07,42.50928003311157
1496,2016-06-08,42.567960033416746
1497,2016-06-09,42.61670003890991
1498,2016-06-10,42.64484003067017
1499,2016-06-13,42.683180027008056
1500,2016-06-14,42.713160037994385
1501,2016-06-15,42.74346006393433
1502,2016-06-16,42.78656003952026
1503,2016-06-17,42.830380039215086
1504,2016-06-20,42.89364004135132
1505,2016-06-21,42.95346006393433
1506,2016-06-22,42.96438005447388
1507,2016-06-23,42.96330003738403
1508,2016-06-24,42.98404005050659
1509,2016-06-27,43.03418004989624
1510,2016-06-28,43.08710004806519
1511,2016-06-29,43.18228002548218
1512,2016-06-30,43.310860042572024
1513,2016-07-01,43.447360038757324
1514,2016-07-05,43.587980060577394
1515,2016-07-06,43.7159200668335
1516,2016-07-07,43.84572006225586
1517,2016-07-08,43.968940048217775
1518,2016-07-11,44.08114006042481
1519,2016-07-12,44.196900062561035
1520,2016-07-13,44.308800048828125
1521,2016-07-14,44.39638004302979
1522,2016-07-15,44.4827600479126
1523,2016-07-18,44.57726005554199
1524,2016-07-19,44.65292003631592
1525,2016-07-20,44.728960037231445
1526,2016-07-21,44.78610000610352
1527,2016-07-22,44.85793998718262
1528,2016-07-25,44.94127998352051
1529,2016-07-26,45.00881999969482
1530,2016-07-27,45.06372001647949
1531,2016-07-28,45.11436004638672
1532,2016-07-29,45.17874004364014
1533,2016-08-01,45.2213200378418
1534,2016-08-02,45.265360031127926
1535,2016-08-03,45.30194004058838
1536,2016-08-04,45.3328600692749
1537,2016-08-05,45.35624008178711
1538,2016-08-08,45.364700050354
1539,2016-08-09,45.37010005950928
1540,2016-08-10,45.3559200668335
1541,2016-08-11,45.32910003662109
1542,2016-08-12,45.31184005737305
1543,2016-08-15,45.3178600692749
1544,2016-08-16,45.309580078125
1545,2016-08-17,45.29554008483887
1546,2016-08-18,45.28230007171631
1547,2016-08-19,45.2785200881958
1548,2016-08-22,45.264840087890626
1549,2016-08-23,45.23934005737305
1550,2016-08-24,45.19060005187988
1551,2016-08-25,45.121580047607424
1552,2016-08-26,45.03072006225586
1553,2016-08-29,44.946720085144044
1554,2016-08-30,44.86926010131836
1555,2016-08-31,44.79344009399414
1556,2016-09-01,44.69934009552002
1557,2016-09-02,44.58584011077881
1558,2016-09-06,44.48778011322022
1559,2016-09-07,44.38218009948731
1560,2016-09-08,44.269140090942386
1561,2016-09-09,44.16334011077881
1562,2016-09-12,44.06000011444092
1563,2016-09-13,43.95552009582519
1564,2016-09-14,43.84084011077881
1565,2016-09-15,43.738040122985836
1566,2016-09-16,43.64136013031006
1567,2016-09-19,43.551100158691405
1568,2016-09-20,43.464960174560545
1569,2016-09-21,43.393880157470704
1570,2016-09-22,43.323140144348145
1571,2016-09-23,43.27340015411377
1572,2016-09-26,43.24626014709472
1573,2016-09-27,43.234820137023924
1574,2016-09-28,43.21750015258789
1575,2016-09-29,43.20106014251709
1576,2016-09-30,43.19174015045166
1577,2016-10-03,43.20122016906738
1578,2016-10-04,43.209480171203616
1579,2016-10-05,43.211180191040036
1580,2016-10-06,43.196600189208986
1581,2016-10-07,43.180500183105465
1582,2016-10-10,43.16006015777588
1583,2016-10-11,43.12984016418457
1584,2016-10-12,43.09230014801025
1585,2016-10-13,43.06034015655518
1586,2016-10-14,43.01754013061523
1587,2016-10-17,42.96630012512207
1588,2016-10-18,42.914260139465334
1589,2016-10-19,42.87530014038086
1590,2016-10-20,42.82704013824463
1591,2016-10-21,42.7881001663208
1592,2016-10-24,42.75570014953613
1593,2016-10-25,42.722400131225584
1594,2016-10-26,42.68552013397217
1595,2016-10-27,42.62886013031006
1596,2016-10-28,42.557760124206546
1597,2016-10-31,42.49450012207031
1598,2016-11-01,42.4385001373291
1599,2016-11-02,42.37880012512207
1600,2016-11-03,42.32372013092041
1601,2016-11-04,42.26944011688232
1602,2016-11-07,42.22000011444092
1603,2016-11-08,42.17894008636475
1604,2016-11-09,42.11966011047363
1605,2016-11-10,42.05114009857178
1606,2016-11-11,42.03494010925293
1607,2016-11-14,42.005040130615235
1608,2016-11-15,41.9862801361084
1609,2016-11-16,41.95704013824463
1610,2016-11-17,41.93078010559082
1611,2016-11-18,41.880440139770506
1612,2016-11-21,41.824920120239256
1613,2016-11-22,41.77426013946533
1614,2016-11-23,41.73258010864258
1615,2016-11-25,41.697000122070314
1616,2016-11-28,41.65736011505127
1617,2016-11-29,41.60294013977051
1618,2016-11-30,41.53218013763428
1619,2016-12-01,41.44664012908935
1620,2016-12-02,41.36452011108398
1621,2016-12-05,41.29506011962891
1622,2016-12-06,41.22596008300781
1623,2016-12-07,41.159760093688966
1624,2016-12-08,41.093820114135745
1625,2016-12-09,41.02146011352539
1626,2016-12-12,40.965320129394534
1627,2016-12-13,40.91708015441895
1628,2016-12-14,40.854440155029295
1629,2016-12-15,40.790580139160156
1630,2016-12-16,40.73858013153076
1631,2016-12-19,40.68282012939453
1632,2016-12-20,40.63082012176514
1633,2016-12-21,40.58620014190674
1634,2016-12-22,40.548700141906735
1635,2016-12-23,40.52380012512207
1636,2016-12-27,40.50164009094238
1637,2016-12-28,40.481060104370115
1638,2016-12-29,40.458100128173825
1639,2016-12-30,40.427320098876955
1640,2017-01-03,40.41000007629395
1641,2017-01-04,40.414160079956055
1642,2017-01-05,40.41644004821777
1643,2017-01-06,40.423280029296876
1644,2017-01-09,40.43862003326416
1645,2017-01-10,40.45188003540039
1646,2017-01-11,40.464320030212406
1647,2017-01-12,40.47350002288818
1648,2017-01-13,40.50314002990723
1649,2017-01-17,40.524620056152344
1650,2017-01-18,40.556100082397464
1651,2017-01-19,40.6017000579834
1652,2017-01-20,40.65118003845215
1653,2017-01-23,40.71862003326416
1654,2017-01-24,40.80516002655029
1655,2017-01-25,40.890080032348635
1656,2017-01-26,40.993560028076175
1657,2017-01-27,41.103900032043455
1658,2017-01-30,41.199500007629396
1659,2017-01-31,41.299940032958986
1660,2017-02-01,41.40370002746582
1661,2017-02-02,41.51786003112793
1662,2017-02-03,41.62392002105713
1663,2017-02-06,41.74736003875732
1664,2017-02-07,41.8695000076294
1665,2017-02-08,41.992820014953615
1666,2017-02-09,42.12041999816895
1667,2017-02-10,42.246199989318846
1668,2017-02-13,42.39811996459961
1669,2017-02-14,42.54963996887207
1670,2017-02-15,42.69629997253418
1671,2017-02-16,42.819299964904786
1672,2017-02-17,42.945779953002926
1673,2017-02-21,43.08893997192383
1674,2017-02-22,43.223419952392575
1675,2017-02-23,43.333999977111816
1676,2017-02-24,43.439939994812015
1677,2017-02-27,43.50499996185303
1678,2017-02-28,43.58215995788574
1679,2017-03-01,43.665279960632326
1680,2017-03-02,43.7642399597168
1681,2017-03-03,43.87415996551513
1682,2017-03-06,43.974679985046386
1683,2017-03-07,44.07165996551514
1684,2017-03-08,44.16237998962402
1685,2017-03-09,44.251699981689455
1686,2017-03-10,44.3460599899292
1687,2017-03-13,44.45048000335694
1688,2017-03-14,44.5682799911499
1689,2017-03-15,44.672619972229
1690,2017-03-16,44.798519973754885
1691,2017-03-17,44.921339950561524
1692,2017-03-20,45.03965995788574
1693,2017-03-21,45.1363399887085
1694,2017-03-22,45.24187995910645
1695,2017-03-23,45.34341999053955
1696,2017-03-24,45.46979999542236
1697,2017-03-27,45.61477996826172
1698,2017-03-28,45.788099975585936
1699,2017-03-29,45.96681999206543
1700,2017-03-30,46.14781997680664
1701,2017-03-31,46.323299980163576
1702,2017-04-03,46.533919982910156
1703,2017-04-04,46.7514400100708
1704,2017-04-05,46.96131999969482
1705,2017-04-06,47.18802001953125
1706,2017-04-07,47.41597999572754
1707,2017-04-10,47.677859992980956
1708,2017-04-11,47.92773998260498
1709,2017-04-12,48.1535599899292
1710,2017-04-13,48.38423999786377
1711,2017-04-17,48.617079963684084
1712,2017-04-18,48.848539962768555
1713,2017-04-19,49.0772399520874
1714,2017-04-20,49.29597995758056
1715,2017-04-21,49.513879928588864
1716,2017-04-24,49.73769992828369
1717,2017-04-25,49.986139907836915
1718,2017-04-26,50.22767990112305
1719,2017-04-27,50.48117992401123
1720,2017-04-28,50.746379928588865
1721,2017-05-01,51.01843994140625
1722,2017-05-02,51.28451995849609
1723,2017-05-03,51.52025993347168
1724,2017-05-04,51.72659992218018
1725,2017-05-05,51.95893989562988
1726,2017-05-08,52.18845989227295
1727,2017-05-09,52.43467987060547
1728,2017-05-10,52.687739868164066
1729,2017-05-11,52.93877990722656
1730,2017-05-12,53.18341987609863
1731,2017-05-15,53.40971984863281
1732,2017-05-16,53.626159858703616
1733,2017-05-17,53.822979850769045
1734,2017-05-18,54.03219985961914
1735,2017-05-19,54.22717987060547
1736,2017-05-22,54.408819885253905
1737,2017-05-23,54.57705986022949
1738,2017-05-24,54.76813983917236
1739,2017-05-25,54.974419860839845
1740,2017-05-26,55.190719871521
1741,2017-05-30,55.406939849853515
1742,2017-05-31,55.635459899902344
1743,2017-06-01,55.858179893493656
1744,2017-06-02,56.075319900512696
1745,2017-06-05,56.31021987915039
1746,2017-06-06,56.55645988464355
1747,2017-06-07,56.81657989501953
1748,2017-06-08,57.08107990264892
1749,2017-06-09,57.32455986022949
1750,2017-06-12,57.56585987091064
1751,2017-06-13,57.830239906311036
1752,2017-06-14,58.102099952697756
1753,2017-06-15,58.35493995666504
1754,2017-06-16,58.58851993560791
1755,2017-06-19,58.819179916381835
1756,2017-06-20,59.05863990783691
1757,2017-06-21,59.305539894104
1758,2017-06-22,59.56949993133545
1759,2017-06-23,59.83253993988037
1760,2017-06-26,60.08903995513916
1761,2017-06-27,60.31067993164063
1762,2017-06-28,60.55049995422363
1763,2017-06-29,60.7564599609375
1764,2017-06-30,60.96471996307373
1765,2017-07-03,61.145799980163574
1766,2017-07-05,61.26157997131347
1767,2017-07-06,61.34077995300293
1768,2017-07-07,61.40601997375488
1769,2017-07-10,61.47615997314453
1770,2017-07-11,61.57107997894287
1771,2017-07-12,61.69221996307373
1772,2017-07-13,61.79457996368408
1773,2017-07-14,61.895359954833985
1774,2017-07-17,61.98747997283935
1775,2017-07-18,62.13197998046875
1776,2017-07-19,62.26849998474121
1777,2017-07-20,62.43588001251221
1778,2017-07-21,62.59270000457764
1779,2017-07-24,62.77769996643067
1780,2017-07-25,62.95593994140625
1781,2017-07-26,63.140499916076664
1782,2017-07-27,63.306999893188475
1783,2017-07-28,63.479959907531736
1784,2017-07-31,63.63315990447998
1785,2017-08-01,63.782499923706055
1786,2017-08-02,63.94689994812012
1787,2017-08-03,64.14873992919922
1788,2017-08-04,64.34655998229981
1789,2017-08-07,64.54543994903564
1790,2017-08-08,64.75177993774415
1791,2017-08-09,64.95583995819092
1792,2017-08-10,65.14279998779297
1793,2017-08-11,65.35717994689941
1794,2017-08-14,65.57475997924804
1795,2017-08-15,65.78986000061035
1796,2017-08-16,65.98936000823974
1797,2017-08-17,66.1527600479126
1798,2017-08-18,66.2927799987793
1799,2017-08-21,66.41373996734619
1800,2017-08-22,66.54059993743897
1801,2017-08-23,66.68953994750977
1802,2017-08-24,66.79835994720459
1803,2017-08-25,66.88705993652344
1804,2017-08-28,66.98837997436523
1805,2017-08-29,67.08569995880127
1806,2017-08-30,67.18697998046875
1807,2017-08-31,67.27399997711181
1808,2017-09-01,67.36737998962403
1809,2017-09-05,67.47287998199462
1810,2017-09-06,67.55393997192382
1811,2017-09-07,67.65228000640869
1812,2017-09-08,67.73858001708984
1813,2017-09-11,67.85492000579833
1814,2017-09-12,67.97540004730224
1815,2017-09-13,68.09666007995605
1816,2017-09-14,68.23588008880616
1817,2017-09-15,68.36792007446289
1818,2017-09-18,68.51758007049561
1819,2017-09-19,68.65052001953126
1820,2017-09-20,68.77020000457763
1821,2017-09-21,68.85749996185302
1822,2017-09-22,68.92189998626709
1823,2017-09-25,68.98984001159668
1824,2017-09-26,69.0894200515747
1825,2017-09-27,69.15466007232666
1826,2017-09-28,69.21948005676269
1827,2017-09-29,69.25916007995606
1828,2017-10-02,69.29178009033203
1829,2017-10-03,69.34186004638671
1830,2017-10-04,69.40226005554199
1831,2017-10-05,69.48116008758545
1832,2017-10-06,69.56090007781982
1833,2017-10-09,69.63456005096435
1834,2017-10-10,69.71962001800537
1835,2017-10-11,69.80715999603271
1836,2017-10-12,69.89782001495361
1837,2017-10-13,70.00124000549316
1838,2017-10-16,70.08200004577637
1839,2017-10-17,70.15984004974365
1840,2017-10-18,70.22886005401611
1841,2017-10-19,70.26228008270263
1842,2017-10-20,70.27046001434326
1843,2017-10-23,70.2637600326538
1844,2017-10-24,70.25874004364013
1845,2017-10-25,70.21578006744384
1846,2017-10-26,70.16242008209228
1847,2017-10-27,70.08486011505127
1848,2017-10-30,69.98502010345459
1849,2017-10-31,69.93344013214111
1850,2017-11-01,69.85758014678954
1851,2017-11-02,69.70420013427734
1852,2017-11-03,69.55506008148194
1853,2017-11-06,69.40994007110595
1854,2017-11-07,69.27924007415771
1855,2017-11-08,69.1484200668335
1856,2017-11-09,69.00992008209228
1857,2017-11-10,68.86310009002686
1858,2017-11-13,68.72868007659912
1859,2017-11-14,68.57918006896972
1860,2017-11-15,68.44680004119873
1861,2017-11-16,68.34706005096436
1862,2017-11-17,68.23468002319336
1863,2017-11-20,68.13066001892089
1864,2017-11-21,68.04306003570557
1865,2017-11-22,67.96302001953126
1866,2017-11-24,67.93994003295899
1867,2017-11-27,67.95590003967285
1868,2017-11-28,67.96456001281739
1869,2017-11-29,67.94754001617432
1870,2017-11-30,67.91080001831055
1871,2017-12-01,67.864820022583
1872,2017-12-04,67.82840003967286
1873,2017-12-05,67.78024005889893
1874,2017-12-06,67.76762004852294
1875,2017-12-07,67.73362003326416
1876,2017-12-08,67.71336002349854
1877,2017-12-11,67.7113399887085
1878,2017-12-12,67.73659999847412
1879,2017-12-13,67.72962001800538
1880,2017-12-14,67.72620006561279
1881,2017-12-15,67.72540012359619
1882,2017-12-18,67.73422016143799
1883,2017-12-19,67.72628017425536
1884,2017-12-20,67.73730014801025
1885,2017-12-21,67.76148014068603
1886,2017-12-22,67.76010013580323
1887,2017-12-26,67.7005001449585
1888,2017-12-27,67.6099600982666
1889,2017-12-28,67.5303401184082
1890,2017-12-29,67.42260013580322
1891,2018-01-02,67.33660015106202
1892,2018-01-03,67.26030014038086
1893,2018-01-04,67.17380016326905
1894,2018-01-05,67.07936016082763
1895,2018-01-08,67.02752010345459
1896,2018-01-09,66.9690800857544
1897,2018-01-10,66.93484004974366
1898,2018-01-11,66.9158200454712
1899,2018-01-12,66.91254009246826
1900,2018-01-16,66.90996013641357
1901,2018-01-17,66.89874011993408
1902,2018-01-18,66.88202014923095
1903,2018-01-19,66.88596012115478
1904,2018-01-22,66.8977600479126
1905,2018-01-23,66.90862003326416
1906,2018-01-24,66.89404003143311
1907,2018-01-25,66.85752002716065
1908,2018-01-26,66.83242000579834
1909,2018-01-29,66.83229999542236
1910,2018-01-30,66.83488002777099
1911,2018-01-31,66.84228000640869
1912,2018-02-01,66.85397998809815
1913,2018-02-02,66.81409999847412
1914,2018-02-05,66.75485996246339
1915,2018-02-06,66.69033992767334
1916,2018-02-07,66.62505992889405
1917,2018-02-08,66.4958999633789
1918,2018-02-09,66.3467399597168
1919,2018-02-12,66.2279999923706
1920,2018-02-13,66.12750003814698
1921,2018-02-14,66.03916004180908
1922,2018-02-15,66.00512004852295
1923,2018-02-16,65.98612003326416
1924,2018-02-20,65.9651600265503
1925,2018-02-21,65.94982006072998
1926,2018-02-22,65.96296009063721
1927,2018-02-23,65.98486011505128
1928,2018-02-26,66.01664012908935
1929,2018-02-27,66.02234012603759
1930,2018-02-28,65.99844013214111
1931,2018-03-01,65.94964008331299
1932,2018-03-02,65.9061201095581
1933,2018-03-05,65.88694011688233
1934,2018-03-06,65.8321601486206
1935,2018-03-07,65.78756015777589
1936,2018-03-08,65.73440013885498
1937,2018-03-09,65.67760013580322
1938,2018-03-12,65.66742008209229
1939,2018-03-13,65.6396000289917
1940,2018-03-14,65.5735599899292
1941,2018-03-15,65.52114002227783
1942,2018-03-16,65.47364002227783
1943,2018-03-19,65.42672004699708
1944,2018-03-20,65.37314002990723
1945,2018-03-21,65.35452003479004
1946,2018-03-22,65.3203800201416
1947,2018-03-23,65.28171997070312
1948,2018-03-26,65.24991996765137
1949,2018-03-27,65.14521995544433
1950,2018-03-28,65.01861991882325
1951,2018-03-29,64.95235992431641
1952,2018-04-02,64.8451399230957
1953,2018-04-03,64.7746399307251
1954,2018-04-04,64.73641994476318
1955,2018-04-05,64.73907997131347
1956,2018-04-06,64.73169998168946
1957,2018-04-09,64.70503997802734
1958,2018-04-10,64.68363994598388
1959,2018-04-11,64.66809993743897
1960,2018-04-12,64.63365997314453
1961,2018-04-13,64.6093399810791
1962,2018-04-16,64.56166000366211
1963,2018-04-17,64.51955997467041
1964,2018-04-18,64.47063995361329
1965,2018-04-19,64.44559993743897
1966,2018-04-20,64.39497993469239
1967,2018-04-23,64.32809993743896
1968,2018-04-24,64.25991996765137
1969,2018-04-25,64.20621997833251
1970,2018-04-26,64.15947998046875
1971,2018-04-27,64.13458000183105
1972,2018-04-30,64.11197998046875
1973,2018-05-01,64.10441997528076
1974,2018-05-02,64.08019996643067
1975,2018-05-03,64.02661994934083
1976,2018-05-04,63.98453994750977
1977,2018-05-07,63.932259979248045
1978,2018-05-08,63.854139976501465
1979,2018-05-09,63.78977996826172
1980,2018-05-10,63.72403995513916
1981,2018-05-11,63.63925994873047
1982,2018-05-14,63.54545993804932
1983,2018-05-15,63.451619911193845
1984,2018-05-16,63.36661994934082
1985,2018-05-17,63.27237995147705
1986,2018-05-18,63.17561992645264
1987,2018-05-21,63.11001991271973
1988,2018-05-22,63.0367599105835
1989,2018-05-23,62.96417991638184
1990,2018-05-24,62.89717990875244
1991,2018-05-25,62.813819885253906
1992,2018-05-29,62.74683986663818
1993,2018-05-30,62.70103988647461
1994,2018-05-31,62.63733985900879
1995,2018-06-01,62.54815986633301
1996,2018-06-04,62.47425987243653
1997,2018-06-05,62.38691989898682
1998,2018-06-06,62.3500199508667
1999,2018-06-07,62.3097599029541
2000,2018-06-08,62.26495990753174
2001,2018-06-11,62.23483989715576
2002,2018-06-12,62.23123989105225
2003,2018-06-13,62.22075992584229
2004,2018-06-14,62.23307994842529
2005,2018-06-15,62.243839988708494
2006,2018-06-18,62.29371997833252
2007,2018-06-19,62.32354000091553
2008,2018-06-20,62.36228000640869
2009,2018-06-21,62.35824001312256
2010,2018-06-22,62.33385997772217
2011,2018-06-25,62.291259956359866
2012,2018-06-26,62.276759986877444
2013,2018-06-27,62.27826000213623
2014,2018-06-28,62.31186000823975
2015,2018-06-29,62.329819984436035
2016,2018-07-02,62.309959983825685
2017,2018-07-03,62.30121997833252
2018,2018-07-05,62.29869998931885
2019,2018-07-06,62.28503997802734
2020,2018-07-09,62.2747399520874
2021,2018-07-10,62.27506000518799
2022,2018-07-11,62.24483997344971
2023,2018-07-12,62.207279968261716
2024,2018-07-13,62.17547992706299
2025,2018-07-16,62.12907989501953
2026,2018-07-17,62.082119903564454
2027,2018-07-18,62.025719833374026
2028,2018-07-19,61.95133979797363
2029,2018-07-20,61.8765198135376
2030,2018-07-23,61.79679981231689
2031,2018-07-24,61.729799842834474
2032,2018-07-25,61.67703983306885
2033,2018-07-26,61.62363986968994
2034,2018-07-27,61.5615998840332
2035,2018-07-30,61.47733989715576
2036,2018-07-31,61.41541988372803
2037,2018-08-01,61.36275989532471
2038,2018-08-02,61.370819892883304
2039,2018-08-03,61.38347995758057
2040,2018-08-06,61.41420001983643
2041,2018-08-07,61.52214000701904
2042,2018-08-08,61.62012004852295
2043,2018-08-09,61.697900009155276
2044,2018-08-10,61.7877799987793
2045,2018-08-13,61.867539978027345
2046,2018-08-14,61.9446199798584
2047,2018-08-15,62.018919982910155
2048,2018-08-16,62.0814599609375
2049,2018-08-17,62.13409996032715
2050,2018-08-20,62.23541996002197
2051,2018-08-21,62.346959915161136
2052,2018-08-22,62.485279960632326
2053,2018-08-23,62.590419921875
2054,2018-08-24,62.662179946899414
2055,2018-08-27,62.68927993774414
2056,2018-08-28,62.71439994812012
2057,2018-08-29,62.74509994506836
2058,2018-08-30,62.74199996948242
2059,2018-08-31,62.743459968566896
2060,2018-09-04,62.73319995880127
2061,2018-09-05,62.69399993896484
2062,2018-09-06,62.673479919433596
2063,2018-09-07,62.62457992553711
2064,2018-09-10,62.60887992858887
2065,2018-09-11,62.56759994506836
2066,2018-09-12,62.56819995880127
2067,2018-09-13,62.58037994384765
2068,2018-09-14,62.603859939575194
2069,2018-09-17,62.63215991973877
2070,2018-09-18,62.631119918823245
2071,2018-09-19,62.64099990844726
2072,2018-09-20,62.64985992431641
2073,2018-09-21,62.64821990966797
2074,2018-09-24,62.64527992248535
2075,2018-09-25,62.67835994720459
2076,2018-09-26,62.70933994293213
2077,2018-09-27,62.718839950561524
2078,2018-09-28,62.64443992614746
2079,2018-10-01,62.6521399307251
2080,2018-10-02,62.64413990020752
2081,2018-10-03,62.63161987304687
2082,2018-10-04,62.61133987426758
2083,2018-10-05,62.5668798828125
2084,2018-10-08,62.49503986358643
2085,2018-10-09,62.45155986785889
2086,2018-10-10,62.411679878234864
2087,2018-10-11,62.3471598815918
2088,2018-10-12,62.31469989776611
2089,2018-10-15,62.27573989868164
2090,2018-10-16,62.27321990966797
2091,2018-10-17,62.25907989501953
2092,2018-10-18,62.219379920959476
2093,2018-10-19,62.15593990325928
2094,2018-10-22,62.10837989807129
2095,2018-10-23,62.11301990509033
2096,2018-10-24,62.096539916992185
2097,2018-10-25,62.143999900817875
2098,2018-10-26,62.16679988861084
2099,2018-10-29,62.204319915771485
2100,2018-10-30,62.228799934387204
2101,2018-10-31,62.239239921569826
2102,2018-11-01,62.242259941101075
2103,2018-11-02,62.24551990509033
2104,2018-11-05,62.21287990570068
2105,2018-11-06,62.17865985870361
2106,2018-11-07,62.1333198928833
2107,2018-11-08,62.131019859313966
2108,2018-11-09,62.10759983062744
2109,2018-11-12,62.07513980865478
2110,2018-11-13,62.085339851379395
2111,2018-11-14,62.10731990814209
2112,2018-11-15,62.12019992828369
2113,2018-11-16,62.13981990814209
2114,2018-11-19,62.14689990997314
2115,2018-11-20,62.15597995758057
2116,2018-11-21,62.16221996307373
2117,2018-11-23,62.19215995788574
2118,2018-11-26,62.265839920043945
2119,2018-11-27,62.33587989807129
2120,2018-11-28,62.39459987640381
2121,2018-11-29,62.431999855041504
2122,2018-11-30,62.49503986358643
2123,2018-12-03,62.57859985351563
2124,2018-12-04,62.66025989532471
2125,2018-12-06,62.76617988586426
2126,2018-12-07,62.83673988342285
2127,2018-12-10,62.919339904785154
2128,2018-12-11,63.01239990234375
2129,2018-12-12,63.11843990325928
2130,2018-12-13,63.265619926452636
2131,2018-12-14,63.402179908752444
2132,2018-12-17,63.48153987884521
2133,2018-12-18,63.542299842834474
2134,2018-12-19,63.61387985229492
2135,2018-12-20,63.66429985046387
2136,2018-12-21,63.7075598526001
2137,2018-12-24,63.696659851074216
2138,2018-12-26,63.6497599029541
2139,2018-12-27,63.585679893493655
2140,2018-12-28,63.56943988800049
2141,2018-12-31,63.475899848937985
2142,2019-01-02,63.3554598236084
2143,2019-01-03,63.25127983093262
2144,2019-01-04,63.17567981719971
2145,2019-01-07,63.13277980804443
2146,2019-01-08,63.10819980621338
2147,2019-01-09,63.10787982940674
2148,2019-01-10,63.12691989898681
2149,2019-01-11,63.210439949035646
2150,2019-01-14,63.26235992431641
2151,2019-01-15,63.30741996765137
2152,2019-01-16,63.35623992919922
2153,2019-01-17,63.41065994262695
2154,2019-01-18,63.36953990936279
2155,2019-01-22,63.32883991241455
2156,2019-01-23,63.28029991149902
2157,2019-01-24,63.25329990386963
2158,2019-01-25,63.24107990264893
2159,2019-01-28,63.23051990509033
2160,2019-01-29,63.2475399017334
2161,2019-01-30,63.30359992980957
2162,2019-01-31,63.35573993682861
2163,2019-02-01,63.453679962158205
2164,2019-02-04,63.508459968566896
2165,2019-02-05,63.59227993011475
2166,2019-02-06,63.64563991546631
2167,2019-02-07,63.68173992156982
2168,2019-02-08,63.702939910888674
2169,2019-02-11,63.738939933776855
2170,2019-02-12,63.792639923095706
2171,2019-02-13,63.810939903259275
2172,2019-02-14,63.821819915771485
2173,2019-02-15,63.83937992095947
2174,2019-02-19,63.851299896240235
2175,2019-02-20,63.854439888000485
2176,2019-02-21,63.81773986816406
2177,2019-02-22,63.79211986541748
2178,2019-02-25,63.86011989593506
2179,2019-02-26,63.83443988800049
2180,2019-02-27,63.861879920959474
2181,2019-02-28,63.91203994750977
2182,2019-03-01,63.93795993804932
2183,2019-03-04,63.98477993011475
2184,2019-03-05,64.03673992156982
2185,2019-03-06,64.06361991882324
2186,2019-03-07,64.10303993225098
2187,2019-03-08,64.1668599319458
2188,2019-03-11,64.23113990783692
2189,2019-03-12,64.27867992401123
2190,2019-03-13,64.30341991424561
2191,2019-03-14,64.33977993011474
2192,2019-03-15,64.36281990051269
2193,2019-03-18,64.38179988861084
2194,2019-03-19,64.39483989715576
2195,2019-03-20,64.35375991821289
2196,2019-03-21,64.32479991912842
2197,2019-03-22,64.22413990020752
2198,2019-03-25,64.08317989349365
2199,2019-03-26,63.94901988983154
2200,2019-03-27,63.83887985229492
2201,2019-03-28,63.72147987365722
2202,2019-03-29,63.59263984680176
2203,2019-04-01,63.47817985534668
2204,2019-04-02,63.36713985443115
2205,2019-04-03,63.26863986968994
2206,2019-04-04,63.10787982940674
2207,2019-04-05,62.95499984741211
2208,2019-04-08,62.80037986755371
2209,2019-04-09,62.682439918518064
2210,2019-04-10,62.55709991455078
2211,2019-04-11,62.4059398651123
2212,2019-04-12,62.244459838867186
2213,2019-04-15,62.06859985351562
2214,2019-04-16,61.90837985992432
2215,2019-04-17,61.75585983276367
2216,2019-04-18,61.62599983215332
2217,2019-04-22,61.499839820861816
2218,2019-04-23,61.335639839172366
2219,2019-04-24,61.165119857788085
2220,2019-04-25,60.96463989257813
2221,2019-04-26,60.752579879760745
2222,2019-04-29,60.53455986022949
2223,2019-04-30,60.29495986938477
2224,2019-05-01,60.04357982635498
2225,2019-05-02,59.80565982818604
2226,2019-05-03,59.59977981567383
2227,2019-05-06,59.38015983581543
2228,2019-05-07,59.14075984954834
2229,2019-05-08,58.89723983764648
2230,2019-05-09,58.62761981964111
2231,2019-05-10,58.37523983001709
2232,2019-05-13,58.13241985321045
2233,2019-05-14,57.92297988891602
2234,2019-05-15,57.72093986511231
2235,2019-05-16,57.54683986663818
2236,2019-05-17,57.32935989379883
2237,2019-05-20,57.14929988861084
2238,2019-05-21,56.9072798538208
2239,2019-05-22,56.66047985076904
2240,2019-05-23,56.38371982574463
2241,2019-05-24,56.09937984466553
2242,2019-05-28,55.85653987884521
2243,2019-05-29,55.63553989410401
2244,2019-05-30,55.376599922180176
2245,2019-05-31,55.07699996948242
2246,2019-06-03,54.7642399597168
2247,2019-06-04,54.47437995910644
2248,2019-06-05,54.17761993408203
2249,2019-06-06,53.89499988555908
2250,2019-06-07,53.63519992828369
2251,2019-06-10,53.37209991455078
2252,2019-06-11,53.11419990539551
2253,2019-06-12,52.83809993743896
2254,2019-06-13,52.66139995574951
2255,2019-06-14,52.493399963378906
2256,2019-06-17,52.36827995300293
2257,2019-06-18,52.234739990234374
2258,2019-06-19,52.09351997375488
2259,2019-06-20,51.939999961853026
2260,2019-06-21,51.78879997253418
2261,2019-06-24,51.61853996276855
2262,2019-06-25,51.44401996612549
2263,2019-06-26,51.25813995361328
2264,2019-06-27,51.07803997039795
2265,2019-06-28,50.88226001739502
2266,2019-07-01,50.70215999603271
2267,2019-07-02,50.53624000549316
2268,2019-07-03,50.39444000244141
2269,2019-07-05,50.23495998382568
2270,2019-07-08,50.072019996643064
2271,2019-07-09,49.91580001831055
2272,2019-07-10,49.78610000610352
2273,2019-07-11,49.64754001617432
2274,2019-07-12,49.52642002105713
2275,2019-07-15,49.428300018310544
2276,2019-07-16,49.35060005187988
2277,2019-07-17,49.27090003967285
2278,2019-07-18,49.18044002532959
2279,2019-07-19,49.101080055236814
2280,2019-07-22,48.982960052490235
2281,2019-07-23,48.8635400390625
2282,2019-07-24,48.80372005462647
2283,2019-07-25,48.6906400680542
2284,2019-07-26,48.593640098571775
2285,2019-07-29,48.51270008087158
2286,2019-07-30,48.444040069580076
2287,2019-07-31,48.35898006439209
2288,2019-08-01,48.24484008789062
2289,2019-08-02,48.1468000793457
2290,2019-08-05,48.02552009582519
2291,2019-08-06,47.90710010528564
2292,2019-08-07,47.82308010101318
2293,2019-08-08,47.76070011138916
2294,2019-08-09,47.69578010559082
2295,2019-08-12,47.60660007476807
2296,2019-08-13,47.52856006622314
2297,2019-08-14,47.43874008178711
2298,2019-08-15,47.34918006896973
2299,2019-08-16,47.25352005004883
2300,2019-08-19,47.157520065307615
2301,2019-08-20,47.05200008392334
2302,2019-08-21,46.93394008636474
2303,2019-08-22,46.79988010406494
2304,2019-08-23,46.65092010498047
2305,2019-08-26,46.49730010986328
2306,2019-08-27,46.38990013122559
2307,2019-08-28,46.27116012573242
2308,2019-08-29,46.16818012237549
2309,2019-08-30,46.07478012084961
2310,2019-09-03,45.97268009185791
2311,2019-09-04,45.87720012664795
2312,2019-09-05,45.80096012115479
2313,2019-09-06,45.723100128173826
2314,2019-09-09,45.63996013641358
2315,2019-09-10,45.56858016967774
2316,2019-09-11,45.51626014709473
2317,2019-09-12,45.48250015258789
2318,2019-09-13,45.445100173950195
2319,2019-09-16,45.413400192260745
2320,2019-09-17,45.40772018432617
2321,2019-09-18,45.4244202041626
2322,2019-09-19,45.434680213928225
2323,2019-09-20,45.43854022979736
2324,2019-09-23,45.45298023223877
2325,2019-09-24,45.41120021820068
2326,2019-09-25,45.35854022979736
2327,2019-09-26,45.33298023223877
2328,2019-09-27,45.323120231628415
2329,2019-09-30,45.3151802444458
2330,2019-10-01,45.320600242614745
2331,2019-10-02,45.32782024383545
2332,2019-10-03,45.33986022949219
2333,2019-10-04,45.33810020446777
2334,2019-10-07,45.34964019775391
2335,2019-10-08,45.37308017730713
2336,2019-10-09,45.44008014678955
2337,2019-10-10,45.51884017944336
2338,2019-10-11,45.60446018218994
2339,2019-10-14,45.73292015075683
2340,2019-10-15,45.8577201461792
2341,2019-10-16,45.99596015930176
2342,2019-10-17,46.14250015258789
2343,2019-10-18,46.27668014526367
2344,2019-10-21,46.40724014282227
2345,2019-10-22,46.548080139160156
2346,2019-10-23,46.69950016021728
2347,2019-10-24,46.91166015625
2348,2019-10-25,47.174740142822266
2349,2019-10-28,47.41826015472412
2350,2019-10-29,47.64170013427734
2351,2019-10-30,47.84596012115478
2352,2019-10-31,48.04160015106201
2353,2019-11-01,48.24970012664795
2354,2019-11-04,48.45682010650635
2355,2019-11-05,48.661420097351076
2356,2019-11-06,48.86452011108398
2357,2019-11-07,49.0861201095581
2358,2019-11-08,49.30754013061524
2359,2019-11-11,49.55848011016846
2360,2019-11-12,49.814620094299315
2361,2019-11-13,50.05956008911133
2362,2019-11-14,50.318740119934084
2363,2019-11-15,50.584540100097655
2364,2019-11-18,50.838840103149415
2365,2019-11-19,51.11096008300781
2366,2019-11-20,51.36106010437012
2367,2019-11-21,51.621620140075684
2368,2019-11-22,51.81790016174316
2369,2019-11-25,52.024380149841306
2370,2019-11-26,52.22154010772705
2371,2019-11-27,52.42400012969971
2372,2019-11-29,52.60604011535644
2373,2019-12-02,52.79858009338379
2374,2019-12-03,52.98082008361816
2375,2019-12-04,53.13988010406494
2376,2019-12-05,53.295860061645506
2377,2019-12-06,53.45792007446289
2378,2019-12-09,53.62990005493164
2379,2019-12-10,53.811220016479496
2380,2019-12-11,54.00526000976563
2381,2019-12-12,54.20427997589111
2382,2019-12-13,54.39129997253418
2383,2019-12-16,54.69666000366211
2384,2019-12-17,54.99855995178223
2385,2019-12-18,55.31331993103027
2386,2019-12-19,55.63687992095947
2387,2019-12-20,55.96483989715576
2388,2019-12-23,56.33557991027832
2389,2019-12-24,56.71739994049072
2390,2019-12-26,57.122639961242676
2391,2019-12-27,57.52189990997314
2392,2019-12-30,57.8844599533081
2393,2019-12-31,58.24451995849609
2394,2020-01-02,58.63501998901367
2395,2020-01-03,59.06301998138428
2396,2020-01-06,59.496099967956546
2397,2020-01-07,59.99497993469238
2398,2020-01-08,60.54797996520996
2399,2020-01-09,61.070779953002926
2400,2020-01-10,61.573419914245605
2401,2020-01-13,62.17141990661621
2402,2020-01-14,62.80559989929199
2403,2020-01-15,63.398299865722656
2404,2020-01-16,64.00247985839843
2405,2020-01-17,64.59347984313965
2406,2020-01-21,65.25971984863281
2407,2020-01-22,65.9676598739624
2408,2020-01-23,66.66863990783692
2409,2020-01-24,67.34705986022949
2410,2020-01-27,68.01307983398438
2411,2020-01-28,68.70551979064942
2412,2020-01-29,69.40833976745606
2413,2020-01-30,70.23505977630616
2414,2020-01-31,71.07261974334716
2415,2020-02-03,72.16153972625733
2416,2020-02-04,73.44145977020264
2417,2020-02-05,74.41911979675292
2418,2020-02-06,75.42663986206054
2419,2020-02-07,76.43715984344482
2420,2020-02-10,77.49013980865479
2421,2020-02-11,78.55191986083985
2422,2020-02-12,79.59329978942871
2423,2020-02-13,80.72005981445312
2424,2020-02-14,81.83765979766845
2425,2020-02-18,83.10803974151611
2426,2020-02-19,84.48547966003417
2427,2020-02-20,85.7991796875
2428,2020-02-21,87.11691967010498
2429,2020-02-24,88.3027596282959
2430,2020-02-25,89.41319957733154
2431,2020-02-26,90.48453952789306
2432,2020-02-27,91.37647956848144
2433,2020-02-28,92.24959964752198
2434,2020-03-02,93.26139965057374
2435,2020-03-03,94.27231971740723
2436,2020-03-04,95.28225967407226
2437,2020-03-05,96.24185970306397
2438,2020-03-06,97.15303970336915
2439,2020-03-09,97.8551197052002
2440,2020-03-10,98.62999965667724
2441,2020-03-11,99.37895965576172
2442,2020-03-12,99.97611965179443
2443,2020-03-13,100.55545963287354
2444,2020-03-16,100.9385996246338
2445,2020-03-17,101.28783962249756
2446,2020-03-18,101.50091964721679
2447,2020-03-19,101.75683963775634
2448,2020-03-20,101.95563961029053
2449,2020-03-23,102.16879962921142
2450,2020-03-24,102.54635963439941
2451,2020-03-25,102.99483963012695
2452,2020-03-26,103.42131965637208
2453,2020-03-27,103.82341968536377
2454,2020-03-30,104.19273971557617
2455,2020-03-31,104.60629974365234
2456,2020-04-01,104.91625968933106
2457,2020-04-02,105.15411964416504
2458,2020-04-03,105.43985961914062
2459,2020-04-06,105.78215965270996
2460,2020-04-07,106.17319961547851
2461,2020-04-08,106.5786595916748
2462,2020-04-09,107.0259595489502
2463,2020-04-13,107.62351959228516
2464,2020-04-14,108.34331954956055
2465,2020-04-15,109.08393959045411
2466,2020-04-16,109.86991966247558
2467,2020-04-17,110.66803962707519
2468,2020-04-20,111.49467964172364
2469,2020-04-21,112.19543960571289
2470,2020-04-22,113.0018196105957
2471,2020-04-23,113.75049964904785
2472,2020-04-24,114.5409196472168
2473,2020-04-27,115.46867965698242
2474,2020-04-28,116.33451972961426
2475,2020-04-29,117.26947975158691
2476,2020-04-30,118.17249984741211
2477,2020-05-01,118.90335990905761
2478,2020-05-04,119.74667999267578
2479,2020-05-05,120.58541999816894
2480,2020-05-06,121.44518005371094
2481,2020-05-07,122.28590003967285
2482,2020-05-08,123.20796005249024
2483,2020-05-11,124.06753997802734
2484,2020-05-12,124.92838005065919
2485,2020-05-13,125.72400009155274
2486,2020-05-14,126.52258010864257
2487,2020-05-15,127.30974014282226
2488,2020-05-18,128.0985601043701
2489,2020-05-19,128.86408012390137
2490,2020-05-20,129.63332008361817
2491,2020-05-21,130.4277601623535
2492,2020-05-22,131.23212020874024
2493,2020-05-26,132.0332002258301
2494,2020-05-27,132.81314025878908
2495,2020-05-28,133.53874031066894
2496,2020-05-29,134.3056603240967
2497,2020-06-01,135.16374031066894
2498,2020-06-02,135.94258026123046
2499,2020-06-03,136.74582023620604
2500,2020-06-04,137.51828033447265
2501,2020-06-05,138.23988037109376
2502,2020-06-08,139.0638803100586
2503,2020-06-09,139.90822036743165
2504,2020-06-10,140.93134033203125
2505,2020-06-11,141.85602027893066
2506,2020-06-12,142.6321802520752
2507,2020-06-15,143.47486015319825
2508,2020-06-16,144.29472007751465
2509,2020-06-17,145.14866012573242
2510,2020-06-18,146.04054023742677
2511,2020-06-19,146.9085401916504
2512,2020-06-22,147.7352001953125
2513,2020-06-23,148.45714019775392
2514,2020-06-24,149.0777001953125
2515,2020-06-25,149.48966018676757
2516,2020-06-26,149.63502014160156
2517,2020-06-29,150.18432006835937
2518,2020-06-30,150.84602005004882
2519,2020-07-01,151.58914001464845
2520,2020-07-02,152.4638999938965
2521,2020-07-06,153.65830001831054
2522,2020-07-07,154.90343994140625
2523,2020-07-08,156.02719985961915
2524,2020-07-09,157.2156997680664
2525,2020-07-10,158.5881997680664
2526,2020-07-13,159.74747970581055
2527,2020-07-14,160.98225952148437
2528,2020-07-15,162.27227951049804
2529,2020-07-16,163.60597946166993
2530,2020-07-17,165.00783950805663
2531,2020-07-20,166.73623962402343
2532,2020-07-21,168.514959564209
2533,2020-07-22,170.3636395263672
2534,2020-07-23,171.90253967285156
2535,2020-07-24,173.24551956176757
2536,2020-07-27,174.82571975708007
2537,2020-07-28,176.32961975097658
2538,2020-07-29,177.92087966918945
2539,2020-07-30,179.67985954284669
2540,2020-07-31,181.25071968078612
2541,2020-08-03,182.95225967407225
2542,2020-08-04,184.8051596069336
2543,2020-08-05,186.68195960998534
2544,2020-08-06,188.77097946166992
2545,2020-08-07,190.81599937438966
2546,2020-08-10,192.93069923400878
2547,2020-08-11,194.82419914245605
2548,2020-08-12,197.07865913391115
2549,2020-08-13,199.4520792388916
2550,2020-08-14,201.74349922180176
2551,2020-08-17,204.33627914428712
2552,2020-08-18,207.0541390991211
2553,2020-08-19,209.78247901916504
2554,2020-08-20,212.78187896728517
2555,2020-08-21,215.83383895874024
2556,2020-08-24,218.89911895751953
2557,2020-08-25,222.03685897827148
2558,2020-08-26,225.38317901611327
2559,2020-08-27,228.82819900512695
2560,2020-08-28,232.16409896850587
2561,2020-08-31,236.04961906433107
2562,2020-09-01,239.65411895751953
2563,2020-09-02,242.82591888427734
2564,2020-09-03,245.47613891601563
2565,2020-09-04,248.19967895507813
2566,2020-09-08,250.01135879516602
2567,2020-09-09,252.1663787841797
2568,2020-09-10,254.3870587158203
2569,2020-09-11,256.7408187866211
2570,2020-09-14,259.47279876708984
2571,2020-09-15,262.5591387939453
2572,2020-09-16,265.5264389038086
2573,2020-09-17,268.1632388305664
2574,2020-09-18,271.0464987182617
